ECC_ROLE,MASTER_ROLE,S4_DERIVED_ROLE
ZSG_BS_OU.PRO,ZSG_BS_OU.PRO,ZSG_BS_OU.PRO
ZSG_BS_UT.DSP_209,ZSG_BS_UT.DSP_XXX,ZSG_BS_UT.DSP_813
ZSG_CO_PA.SDSP_XXX,ZSG_CO_PA.SDSP_XXX,ZSG_CO_PA.SDSP_XXX
ZSG_FI_AR.CUSADM_CONTACTPERSON,ZSG_FI_AR.CUSADM_CONTACTPERSON,ZSG_FI_AR.CUSADM_CONTACTPERSON
ZSG_MM_IM.DSP_209,ZSG_MM_IM.DSP_XXX,ZSG_MM_IM.DSP_813
ZSG_MM_LO.PRO-TRS_209,ZSG_MM_LO.PRO-TRS_XXX,ZSG_MM_LO.PRO-TRS_813
ZSG_MM_MAT.DSP_XXX,ZSG_MM_MAT.DSP_XXX,ZSG_MM_MAT.DSP_XXX
ZSG_MM_MM.GPSI_209,ZSG_MM_MM.GPSI_XXX,ZSG_MM_MM.GPSI_813
ZSG_MM_MM.PRO_209,ZSG_MM_MM.PRO_XXX,ZSG_MM_MM.PRO_813
ZSG_MM_PO.DSP_209,ZSG_MM_PO.DSP_XXX,ZSG_MM_PO.DSP_813
ZSG_MM_PO.GRI_209,ZSG_MM_PO.GRI_XXX,ZSG_MM_PO.GRI_813
ZSG_MM_PO.PRO_209,ZSG_MM_PO.PRO_XXX,ZSG_MM_PO.PRO_813
ZSG_MM_PO.PRT_209,ZSG_MM_PO.PRT_XXX,ZSG_MM_PO.PRT_813
ZSG_MM_PR.DSP_208,ZSG_MM_PR.DSP_XXX,ZSG_MM_PR.DSP_812
ZSG_MM_PR.DSP_209,ZSG_MM_PR.DSP_XXX,ZSG_MM_PR.DSP_813
ZSG_MM_PR.DSP_210,ZSG_MM_PR.DSP_XXX,ZSG_MM_PR.DSP_815
ZSG_MM_PR.PRO_209,ZSG_MM_PR.PRO_XXX,ZSG_MM_PR.PRO_813
ZSG_SD_BL.DSP_209,ZSG_SD_BL.DSP_XXX,ZSG_SD_BL.DSP_813
ZSG_SD_BL.PRO_209,ZSG_SD_BL.PRO_XXX,ZSG_SD_BL.PRO_813
ZSG_SD_BL.REQCNC_209,ZSG_SD_BL.REQCNC_XXX,ZSG_SD_BL.REQCNC_813
ZSG_SD_CMIR.ADM_209,ZSG_SD_CMIR.ADM_XXX,ZSG_SD_CMIR.ADM_813
ZSG_SD_CMIR.DSP_209,ZSG_SD_CMIR.DSP_XXX,ZSG_SD_CMIR.DSP_813
ZSG_SD_COND.DSP_209,ZSG_SD_COND.DSP_XXX,ZSG_SD_COND.DSP_813
ZSG_SD_DO.DSP_XXX,ZSG_SD_DO.DSP_XXX,ZSG_SD_DO.DSP_XXX
ZSG_SD_DO.PRO_209,ZSG_SD_DO.PRO_XXX,ZSG_SD_DO.PRO_813
ZSG_SD_QT.PRO_209,ZSG_SD_QT.PRO_XXX,ZSG_SD_QT.PRO_813
ZSG_SD_SO.DSP_209,ZSG_SD_SO.DSP_XXX,ZSG_SD_SO.DSP_813
ZSG_SD_SO.PRO_209,ZSG_SD_SO.PRO_XXX,ZSG_SD_SO.PRO_813
ZSG_BS_UT.DSP_203,ZSG_BS_UT.DSP_XXX,ZSG_BS_UT.DSP_861
ZSG_MM_IM.DSP_203,ZSG_MM_IM.DSP_XXX,ZSG_MM_IM.DSP_861
ZSG_MM_LO.PRO-GI_203,ZSG_MM_LO.PRO-GI_XXX,ZSG_MM_LO.PRO-GI_861
ZSG_MM_LO.PRO-GR_203,ZSG_MM_LO.PRO-GR_XXX,ZSG_MM_LO.PRO-GR_861
ZSG_MM_PO.INTF_203,ZSG_MM_PO.INTF_203,ZSG_MM_PO.INTF_861
ZSG_BS_UT.DSP_218,ZSG_BS_UT.DSP_XXX,ZSG_BS_UT.DSP_833
ZSG_BS_UT.DSP_219,ZSG_BS_UT.DSP_XXX,ZSG_BS_UT.DSP_835
ZSG_BS_UT.DSP_220,ZSG_BS_UT.DSP_XXX,ZSG_BS_UT.DSP_833
ZSG_BS_UT.DSP_221,ZSG_BS_UT.DSP_XXX,ZSG_BS_UT.DSP_833
ZSG_BS_UT.DSP_222,ZSG_BS_UT.DSP_XXX,ZSG_BS_UT.DSP_836
ZSG_BS_UT.DSP_223,ZSG_BS_UT.DSP_XXX,ZSG_BS_UT.DSP_833
ZSG_BS_UT.DSP_224,ZSG_BS_UT.DSP_XXX,ZSG_BS_UT.DSP_837
ZSG_BS_UT.DSP_225,ZSG_BS_UT.DSP_XXX,ZSG_BS_UT.DSP_838
ZSG_CS_EM.DSP_221,ZSG_CS_EM.DSP_XXX,ZSG_CS_EM.DSP_833
ZSG_CS_EM.DSP_222,ZSG_CS_EM.DSP_XXX,ZSG_CS_EM.DSP_836
ZSG_CS_EM.DSP_224,ZSG_CS_EM.DSP_XXX,ZSG_CS_EM.DSP_837
ZSG_CS_EM.DSP_225,ZSG_CS_EM.DSP_XXX,ZSG_CS_EM.DSP_838
ZSG_CS_NO.DSP_222,ZSG_CS_NO.DSP_XXX,ZSG_CS_NO.DSP_836
ZSG_CS_NO.DSP_224,ZSG_CS_NO.DSP_XXX,ZSG_CS_NO.DSP_837
ZSG_CS_NO.DSP_225,ZSG_CS_NO.DSP_XXX,ZSG_CS_NO.DSP_838
ZSG_MM_IM.DSP_218,ZSG_MM_IM.DSP_XXX,ZSG_MM_IM.DSP_833
ZSG_MM_IM.DSP_219,ZSG_MM_IM.DSP_XXX,ZSG_MM_IM.DSP_835
ZSG_MM_IM.DSP_220,ZSG_MM_IM.DSP_XXX,ZSG_MM_IM.DSP_833
ZSG_MM_IM.DSP_221,ZSG_MM_IM.DSP_XXX,ZSG_MM_IM.DSP_833
ZSG_MM_IM.DSP_222,ZSG_MM_IM.DSP_XXX,ZSG_MM_IM.DSP_836
ZSG_MM_IM.DSP_223,ZSG_MM_IM.DSP_XXX,ZSG_MM_IM.DSP_833
ZSG_MM_IM.DSP_224,ZSG_MM_IM.DSP_XXX,ZSG_MM_IM.DSP_837
ZSG_MM_IM.DSP_225,ZSG_MM_IM.DSP_XXX,ZSG_MM_IM.DSP_838
ZSG_MM_LA.PRO_219,ZSG_MM_LA.PRO_XXX,ZSG_MM_LA.PRO_835
ZSG_MM_LA.PRO_220,ZSG_MM_LA.PRO_XXX,ZSG_MM_LA.PRO_833
ZSG_MM_LA.PRO_221,ZSG_MM_LA.PRO_XXX,ZSG_MM_LA.PRO_833
ZSG_MM_MM.DSP_GSCM,ZSG_MM_MM.DSP_GSCM_XXX,ZSG_MM_MM.DSP_GSCM
ZSG_MM_MM.GPSI_216,ZSG_MM_MM.GPSI_XXX,ZSG_MM_MM.GPSI_831
ZSG_MM_PO.COND_DSP_GSCM,ZSG_MM_PO.COND_DSP_GSCM_XXX,ZSG_MM_PO.COND_DSP_GSCM
ZSG_MM_PO.DSP_218,ZSG_MM_PO.DSP_XXX,ZSG_MM_PO.DSP_833
ZSG_MM_PO.DSP_219,ZSG_MM_PO.DSP_XXX,ZSG_MM_PO.DSP_835
ZSG_MM_PO.DSP_220,ZSG_MM_PO.DSP_XXX,ZSG_MM_PO.DSP_833
ZSG_MM_PO.DSP_221,ZSG_MM_PO.DSP_XXX,ZSG_MM_PO.DSP_833
ZSG_MM_PO.DSP_222,ZSG_MM_PO.DSP_XXX,ZSG_MM_PO.DSP_836
ZSG_MM_PO.DSP_223,ZSG_MM_PO.DSP_XXX,ZSG_MM_PO.DSP_833
ZSG_MM_PO.DSP_224,ZSG_MM_PO.DSP_XXX,ZSG_MM_PO.DSP_837
ZSG_MM_PO.DSP_225,ZSG_MM_PO.DSP_XXX,ZSG_MM_PO.DSP_838
ZSG_MM_PO.DSP_GSCM,ZSG_MM_PO.DSP_GSCM_XXX,ZSG_MM_PO.DSP_GSCM
ZSG_MM_PO.PRT_218,ZSG_MM_PO.PRT_XXX,ZSG_MM_PO.PRT_833
ZSG_MM_PO.PRT_219,ZSG_MM_PO.PRT_XXX,ZSG_MM_PO.PRT_835
ZSG_MM_PO.PRT_220,ZSG_MM_PO.PRT_XXX,ZSG_MM_PO.PRT_833
ZSG_MM_PO.PRT_221,ZSG_MM_PO.PRT_XXX,ZSG_MM_PO.PRT_833
ZSG_MM_PO.PRT_222,ZSG_MM_PO.PRT_XXX,ZSG_MM_PO.PRT_836
ZSG_MM_PO.PRT_223,ZSG_MM_PO.PRT_XXX,ZSG_MM_PO.PRT_833
ZSG_MM_PO.PRT_224,ZSG_MM_PO.PRT_XXX,ZSG_MM_PO.PRT_837
ZSG_MM_PO.PRT_225,ZSG_MM_PO.PRT_XXX,ZSG_MM_PO.PRT_838
ZSG_MM_PO.SP_DSP_GSCM_218,ZSG_MM_PO.SP_DSP_GSCM_XXX,ZSG_MM_PO.SP_DSP_GSCM_833
ZSG_MM_PO.SP_DSP_GSCM_219,ZSG_MM_PO.SP_DSP_GSCM_XXX,ZSG_MM_PO.SP_DSP_GSCM_835
ZSG_MM_PO.SP_DSP_GSCM_220,ZSG_MM_PO.SP_DSP_GSCM_XXX,ZSG_MM_PO.SP_DSP_GSCM_833
ZSG_MM_PO.SP_DSP_GSCM_221,ZSG_MM_PO.SP_DSP_GSCM_XXX,ZSG_MM_PO.SP_DSP_GSCM_833
ZSG_MM_PR.DSP_218,ZSG_MM_PR.DSP_XXX,ZSG_MM_PR.DSP_833
ZSG_MM_PR.DSP_219,ZSG_MM_PR.DSP_XXX,ZSG_MM_PR.DSP_835
ZSG_MM_PR.DSP_220,ZSG_MM_PR.DSP_XXX,ZSG_MM_PR.DSP_833
ZSG_MM_PR.DSP_221,ZSG_MM_PR.DSP_XXX,ZSG_MM_PR.DSP_833
ZSG_MM_PR.DSP_222,ZSG_MM_PR.DSP_XXX,ZSG_MM_PR.DSP_836
ZSG_MM_PR.DSP_223,ZSG_MM_PR.DSP_XXX,ZSG_MM_PR.DSP_833
ZSG_MM_PR.DSP_224,ZSG_MM_PR.DSP_XXX,ZSG_MM_PR.DSP_837
ZSG_MM_PR.DSP_225,ZSG_MM_PR.DSP_XXX,ZSG_MM_PR.DSP_838
ZSG_SD_BL.DSP_218,ZSG_SD_BL.DSP_XXX,ZSG_SD_BL.DSP_833
ZSG_SD_BL.DSP_219,ZSG_SD_BL.DSP_XXX,ZSG_SD_BL.DSP_835
ZSG_SD_BL.DSP_220,ZSG_SD_BL.DSP_XXX,ZSG_SD_BL.DSP_833
ZSG_SD_BL.DSP_221,ZSG_SD_BL.DSP_XXX,ZSG_SD_BL.DSP_833
ZSG_SD_BL.DSP_222,ZSG_SD_BL.DSP_XXX,ZSG_SD_BL.DSP_836
ZSG_SD_BL.DSP_223,ZSG_SD_BL.DSP_XXX,ZSG_SD_BL.DSP_833
ZSG_SD_BL.DSP_224,ZSG_SD_BL.DSP_XXX,ZSG_SD_BL.DSP_837
ZSG_SD_BL.DSP_225,ZSG_SD_BL.DSP_XXX,ZSG_SD_BL.DSP_838
ZSG_SD_CMIR.DSP_218,ZSG_SD_CMIR.DSP_XXX,ZSG_SD_CMIR.DSP_833
ZSG_SD_CMIR.DSP_219,ZSG_SD_CMIR.DSP_XXX,ZSG_SD_CMIR.DSP_835
ZSG_SD_CMIR.DSP_220,ZSG_SD_CMIR.DSP_XXX,ZSG_SD_CMIR.DSP_833
ZSG_SD_CMIR.DSP_221,ZSG_SD_CMIR.DSP_XXX,ZSG_SD_CMIR.DSP_833
ZSG_SD_CMIR.DSP_222,ZSG_SD_CMIR.DSP_XXX,ZSG_SD_CMIR.DSP_836
ZSG_SD_CMIR.DSP_223,ZSG_SD_CMIR.DSP_XXX,ZSG_SD_CMIR.DSP_833
ZSG_SD_CMIR.DSP_224,ZSG_SD_CMIR.DSP_XXX,ZSG_SD_CMIR.DSP_837
ZSG_SD_CMIR.DSP_225,ZSG_SD_CMIR.DSP_XXX,ZSG_SD_CMIR.DSP_838
ZSG_SD_COND.ADM_219PR00,ZSG_SD_COND.ADM_XXX,ZSG_SD_COND.ADM_835PR00
ZSG_SD_COND.DSP_218,ZSG_SD_COND.DSP_XXX,ZSG_SD_COND.DSP_833
ZSG_SD_COND.DSP_219,ZSG_SD_COND.DSP_XXX,ZSG_SD_COND.DSP_835
ZSG_SD_COND.DSP_220,ZSG_SD_COND.DSP_XXX,ZSG_SD_COND.DSP_833
ZSG_SD_COND.DSP_221,ZSG_SD_COND.DSP_XXX,ZSG_SD_COND.DSP_833
ZSG_SD_COND.DSP_222,ZSG_SD_COND.DSP_XXX,ZSG_SD_COND.DSP_836
ZSG_SD_COND.DSP_223,ZSG_SD_COND.DSP_XXX,ZSG_SD_COND.DSP_833
ZSG_SD_COND.DSP_224,ZSG_SD_COND.DSP_XXX,ZSG_SD_COND.DSP_837
ZSG_SD_COND.DSP_225,ZSG_SD_COND.DSP_XXX,ZSG_SD_COND.DSP_838
ZSG_SD_QT.PRO_219,ZSG_SD_QT.PRO_XXX,ZSG_SD_QT.PRO_835
ZSG_SD_QT.PRO_220,ZSG_SD_QT.PRO_XXX,ZSG_SD_QT.PRO_833
ZSG_SD_QT.PRO_221,ZSG_SD_QT.PRO_XXX,ZSG_SD_QT.PRO_833
ZSG_SD_QT.PRO_223,ZSG_SD_QT.PRO_XXX,ZSG_SD_QT.PRO_833
ZSG_SD_SO.APPSB_218,ZSG_SD_SO.APPSB_XXX,ZSG_SD_SO.APPSB_833
ZSG_SD_SO.APPSB_219,ZSG_SD_SO.APPSB_XXX,ZSG_SD_SO.APPSB_835
ZSG_SD_SO.APPSB_220,ZSG_SD_SO.APPSB_XXX,ZSG_SD_SO.APPSB_833
ZSG_SD_SO.APPSB_221,ZSG_SD_SO.APPSB_XXX,ZSG_SD_SO.APPSB_833
ZSG_SD_SO.APPSB_223,ZSG_SD_SO.APPSB_XXX,ZSG_SD_SO.APPSB_833
ZSG_SD_SO.DSP_218,ZSG_SD_SO.DSP_XXX,ZSG_SD_SO.DSP_833
ZSG_SD_SO.DSP_219,ZSG_SD_SO.DSP_XXX,ZSG_SD_SO.DSP_835
ZSG_SD_SO.DSP_220,ZSG_SD_SO.DSP_XXX,ZSG_SD_SO.DSP_833
ZSG_SD_SO.DSP_221,ZSG_SD_SO.DSP_XXX,ZSG_SD_SO.DSP_833
ZSG_SD_SO.DSP_222,ZSG_SD_SO.DSP_XXX,ZSG_SD_SO.DSP_836
ZSG_SD_SO.DSP_223,ZSG_SD_SO.DSP_XXX,ZSG_SD_SO.DSP_833
ZSG_SD_SO.DSP_224,ZSG_SD_SO.DSP_XXX,ZSG_SD_SO.DSP_837
ZSG_SD_SO.DSP_225,ZSG_SD_SO.DSP_XXX,ZSG_SD_SO.DSP_838
ZSG_CO_PA.SDSP_202,ZSG_CO_PA.SDSP_XXX,ZSG_CO_PA.SDSP_851
ZSG_CO_PA.SDSP_203,ZSG_CO_PA.SDSP_XXX,ZSG_CO_PA.SDSP_861
ZSG_CO_PA.SDSP_205,ZSG_CO_PA.SDSP_XXX,ZSG_CO_PA.SDSP_872
ZSG_CO_PA.SDSP_206,ZSG_CO_PA.SDSP_XXX,ZSG_CO_PA.SDSP_872
ZSG_CO_PA.SDSP_208,ZSG_CO_PA.SDSP_XXX,ZSG_CO_PA.SDSP_812
ZSG_CO_PA.SDSP_209,ZSG_CO_PA.SDSP_XXX,ZSG_CO_PA.SDSP_813
ZSG_CO_PA.SDSP_210,ZSG_CO_PA.SDSP_XXX,ZSG_CO_PA.SDSP_815
ZSG_CO_PA.SDSP_213,ZSG_CO_PA.SDSP_XXX,ZSG_CO_PA.SDSP_872
ZSG_CO_PA.SDSP_214,ZSG_CO_PA.SDSP_XXX,ZSG_CO_PA.SDSP_872
ZSG_CO_PA.SDSP_215,ZSG_CO_PA.SDSP_XXX,ZSG_CO_PA.SDSP_815
ZSG_CO_PA.SDSP_218,ZSG_CO_PA.SDSP_XXX,ZSG_CO_PA.SDSP_833
ZSG_CO_PA.SDSP_219,ZSG_CO_PA.SDSP_XXX,ZSG_CO_PA.SDSP_835
ZSG_CO_PA.SDSP_220,ZSG_CO_PA.SDSP_XXX,ZSG_CO_PA.SDSP_833
ZSG_CO_PA.SDSP_221,ZSG_CO_PA.SDSP_XXX,ZSG_CO_PA.SDSP_833
ZSG_CO_PA.SDSP_222,ZSG_CO_PA.SDSP_XXX,ZSG_CO_PA.SDSP_836
ZSG_CO_PA.SDSP_223,ZSG_CO_PA.SDSP_XXX,ZSG_CO_PA.SDSP_833
ZSG_CO_PA.SDSP_224,ZSG_CO_PA.SDSP_XXX,ZSG_CO_PA.SDSP_837
ZSG_CO_PA.SDSP_225,ZSG_CO_PA.SDSP_XXX,ZSG_CO_PA.SDSP_838
ZSG_CO_PA.SDSP_226,ZSG_CO_PA.SDSP_XXX,ZSG_CO_PA.SDSP_611
ZSG_CO_PA.SDSP_230,ZSG_CO_PA.SDSP_XXX,ZSG_CO_PA.SDSP_872
ZSG_CO_PA.SDSP_232,ZSG_CO_PA.SDSP_XXX,ZSG_CO_PA.SDSP_872
ZSG_FI_AP.DISP,ZSG_FI_AP.DISP,ZSG_FI_AP.DISP
ZSG_FI_AR.DISP,ZSG_FI_AR.DISP,ZSG_FI_AR.DISP
ZSG_FI_GL.DISP,ZSG_FI_GL.DISP,ZSG_FI_GL.DISP
ZSG_MM_IM.DSP_XXX,ZSG_MM_IM.DSP_XXX,ZSG_MM_IM.DSP_XXX
ZSG_MM_PO.DSP_XXX,ZSG_MM_PO.DSP_XXX,ZSG_MM_PO.DSP_XXX
ZSG_MM_PR.DSP_202,ZSG_MM_PR.DSP_XXX,ZSG_MM_PR.DSP_851
ZSG_MM_PR.DSP_203,ZSG_MM_PR.DSP_XXX,ZSG_MM_PR.DSP_861
ZSG_MM_PR.DSP_205,ZSG_MM_PR.DSP_XXX,ZSG_MM_PR.DSP_872
ZSG_MM_PR.DSP_206,ZSG_MM_PR.DSP_XXX,ZSG_MM_PR.DSP_872
ZSG_MM_PR.DSP_213,ZSG_MM_PR.DSP_XXX,ZSG_MM_PR.DSP_872
ZSG_MM_PR.DSP_214,ZSG_MM_PR.DSP_XXX,ZSG_MM_PR.DSP_872
ZSG_MM_PR.DSP_215,ZSG_MM_PR.DSP_XXX,ZSG_MM_PR.DSP_815
ZSG_MM_PR.DSP_226,ZSG_MM_PR.DSP_XXX,ZSG_MM_PR.DSP_611
ZSG_MM_PR.DSP_232,ZSG_MM_PR.DSP_XXX,ZSG_MM_PR.DSP_872
ZSG_SD_BL.DSP_XXX,ZSG_SD_BL.DSP_XXX,ZSG_SD_BL.DSP_XXX
ZSG_SD_LA.PRO_XXX,ZSG_SD_LA.PRO_XXX,ZSG_SD_LA.PRO_XXX
ZSG_SD_SO.DSP_XXX,ZSG_SD_SO.DSP_XXX,ZSG_SD_SO.DSP_XXX
ZSG_FI_AP.LOGI,ZSG_FI_AP.LOGI,ZSG_FI_AP.LOGI
ZSG_FI_AP.PRO,ZSG_FI_AP.PRO,ZSG_FI_AP.PRO
ZSG_FI_AR.CUSADM,ZSG_FI_AR.CUSADM,ZSG_FI_AR.CUSADM
ZSG_FI_CF.DSP,ZSG_FI_CF.DSP,ZSG_FI_CF.DSP
ZSG_FI_GL.CHG,ZSG_FI_GL.CHG,ZSG_FI_GL.CHG
ZSG_FI_GL.PRO,ZSG_FI_GL.PRO,ZSG_FI_GL.PRO
ZSG_FI_GL.SDSP_XXX,ZSG_FI_GL.SDSP_XXX,ZSG_FI_GL.SDSP_XXX
ZSG_MM_PO.PRT_XXX,ZSG_MM_PO.PRT_XXX,ZSG_MM_PO.PRT_XXX
ZSG_MM_PR.DSP_XXX,ZSG_MM_PR.DSP_XXX,ZSG_MM_PR.DSP_XXX
ZSG_SD_BL.REQCNC_XXX,ZSG_SD_BL.REQCNC_XXX,ZSG_SD_BL.REQCNC_XXX
ZSG_SD_CMIR.DSP_XXX,ZSG_SD_CMIR.DSP_XXX,ZSG_SD_CMIR.DSP_XXX
ZSG_SD_COND.DSP_XXX,ZSG_SD_COND.DSP_XXX,ZSG_SD_COND.DSP_XXX
ZSG_SD_SO.APPCL_XXX,ZSG_SD_SO.APPCL_XXX,ZSG_SD_SO.APPCL_XXX
ZSG_BS_UT.DSP_208,ZSG_BS_UT.DSP_XXX,ZSG_BS_UT.DSP_812
ZSG_BS_UT.DSP_210,ZSG_BS_UT.DSP_XXX,ZSG_BS_UT.DSP_815
ZSG_BS_UT.DSP_215,ZSG_BS_UT.DSP_XXX,ZSG_BS_UT.DSP_815
ZSG_MM_IM.DSP_208,ZSG_MM_IM.DSP_XXX,ZSG_MM_IM.DSP_812
ZSG_MM_IM.DSP_210,ZSG_MM_IM.DSP_XXX,ZSG_MM_IM.DSP_815
ZSG_MM_IM.DSP_215,ZSG_MM_IM.DSP_XXX,ZSG_MM_IM.DSP_815
ZSG_MM_IM.SDSP_208,ZSG_MM_IM.SDSP_208,ZSG_MM_IM.SDSP_812
ZSG_MM_LO.PRO-TRS_208,ZSG_MM_LO.PRO-TRS_XXX,ZSG_MM_LO.PRO-TRS_812
ZSG_MM_LO.PRO-TRS_210,ZSG_MM_LO.PRO-TRS_XXX,ZSG_MM_LO.PRO-TRS_815
ZSG_MM_LO.PRO-TRS_215,ZSG_MM_LO.PRO-TRS_XXX,ZSG_MM_LO.PRO-TRS_815
ZSG_MM_LO.PRO-TRS_215_FA,ZSG_MM_LO.PRO-TRS_XXX,ZSG_MM_LO.PRO-TRS_815_FA
ZSG_MM_LO.PRO-TRS_215_LE,ZSG_MM_LO.PRO-TRS_XXX,ZSG_MM_LO.PRO-TRS_815_LE
ZSG_MM_MM.PRO_ADMIN,ZSG_MM_MM.PRO_XXX,ZSG_MM_MM.PRO_ADMIN
ZSG_MM_PI.ENTER_210,ZSG_MM_PI.ENTER_XXX,ZSG_MM_PI.ENTER_815
ZSG_MM_PI.ENTER_215,ZSG_MM_PI.ENTER_XXX,ZSG_MM_PI.ENTER_815
ZSG_MM_PO.DSP_208,ZSG_MM_PO.DSP_XXX,ZSG_MM_PO.DSP_812
ZSG_MM_PO.DSP_210,ZSG_MM_PO.DSP_XXX,ZSG_MM_PO.DSP_815
ZSG_MM_PO.DSP_215,ZSG_MM_PO.DSP_XXX,ZSG_MM_PO.DSP_815
ZSG_MM_PO.PRT_208,ZSG_MM_PO.PRT_XXX,ZSG_MM_PO.PRT_812
ZSG_MM_PO.PRT_210,ZSG_MM_PO.PRT_XXX,ZSG_MM_PO.PRT_815
ZSG_SD_BL.DSP_208,ZSG_SD_BL.DSP_XXX,ZSG_SD_BL.DSP_812
ZSG_SD_BL.DSP_210,ZSG_SD_BL.DSP_XXX,ZSG_SD_BL.DSP_815
ZSG_SD_BL.DSP_215,ZSG_SD_BL.DSP_XXX,ZSG_SD_BL.DSP_815
ZSG_SD_BL.PRO_208,ZSG_SD_BL.PRO_XXX,ZSG_SD_BL.PRO_812
ZSG_SD_BL.PRO_210,ZSG_SD_BL.PRO_XXX,ZSG_SD_BL.PRO_815
ZSG_SD_BL.PRO_215,ZSG_SD_BL.PRO_XXX,ZSG_SD_BL.PRO_815
ZSG_SD_BL.PRO_INTER,ZSG_SD_BL.PRO_XXX,ZSG_SD_BL.PRO_INTER
ZSG_SD_BL.REQCNC_208,ZSG_SD_BL.REQCNC_XXX,ZSG_SD_BL.REQCNC_812
ZSG_SD_BL.REQCNC_210,ZSG_SD_BL.REQCNC_XXX,ZSG_SD_BL.REQCNC_815
ZSG_SD_CMIR.DSP_208,ZSG_SD_CMIR.DSP_XXX,ZSG_SD_CMIR.DSP_812
ZSG_SD_CMIR.DSP_210,ZSG_SD_CMIR.DSP_XXX,ZSG_SD_CMIR.DSP_815
ZSG_SD_CMIR.DSP_215,ZSG_SD_CMIR.DSP_XXX,ZSG_SD_CMIR.DSP_815
ZSG_SD_COND.DSP_208,ZSG_SD_COND.DSP_XXX,ZSG_SD_COND.DSP_812
ZSG_SD_COND.DSP_210,ZSG_SD_COND.DSP_XXX,ZSG_SD_COND.DSP_815
ZSG_SD_COND.DSP_215,ZSG_SD_COND.DSP_XXX,ZSG_SD_COND.DSP_815
ZSG_SD_DO.PRO_208,ZSG_SD_DO.PRO_XXX,ZSG_SD_DO.PRO_812
ZSG_SD_DO.PRO_210,ZSG_SD_DO.PRO_XXX,ZSG_SD_DO.PRO_815
ZSG_SD_DO.PRO_215,ZSG_SD_DO.PRO_XXX,ZSG_SD_DO.PRO_815
ZSG_SD_QT.PRO_208,ZSG_SD_QT.PRO_XXX,ZSG_SD_QT.PRO_812
ZSG_SD_QT.PRO_210,ZSG_SD_QT.PRO_XXX,ZSG_SD_QT.PRO_815
ZSG_SD_QT.PRO_215,ZSG_SD_QT.PRO_XXX,ZSG_SD_QT.PRO_815
ZSG_SD_SO.DSP_208,ZSG_SD_SO.DSP_XXX,ZSG_SD_SO.DSP_812
ZSG_SD_SO.DSP_210,ZSG_SD_SO.DSP_XXX,ZSG_SD_SO.DSP_815
ZSG_SD_SO.DSP_215,ZSG_SD_SO.DSP_XXX,ZSG_SD_SO.DSP_815
ZSG_SD_SO.PRO_208,ZSG_SD_SO.PRO_XXX,ZSG_SD_SO.PRO_812
ZSG_SD_SO.PRO_210,ZSG_SD_SO.PRO_XXX,ZSG_SD_SO.PRO_815
ZSG_SD_SO.PRO_215,ZSG_SD_SO.PRO_XXX,ZSG_SD_SO.PRO_815
ZSG_MM_PO.SP_DSP_GSCM_222,ZSG_MM_PO.SP_DSP_GSCM_XXX,ZSG_MM_PO.SP_DSP_GSCM_836
ZSG_SD_QT.PRO_218,ZSG_SD_QT.PRO_XXX,ZSG_SD_QT.PRO_833
ZSG_SD_QT.PRO_222,ZSG_SD_QT.PRO_XXX,ZSG_SD_QT.PRO_836
ZSG_SD_QT.PRO_224,ZSG_SD_QT.PRO_XXX,ZSG_SD_QT.PRO_837
ZSG_SD_QT.PRO_225,ZSG_SD_QT.PRO_XXX,ZSG_SD_QT.PRO_838
ZSG_BS_UT.DSP_202,ZSG_BS_UT.DSP_XXX,ZSG_BS_UT.DSP_851
ZSG_MM_IM.DSP_202,ZSG_MM_IM.DSP_XXX,ZSG_MM_IM.DSP_851
ZSG_MM_LO.PRO-GR_202,ZSG_MM_LO.PRO-GR_XXX,ZSG_MM_LO.PRO-GR_851
ZSG_MM_PO.CON_DSP,ZSG_MM_PO.CON_DSP,ZSG_MM_PO.CON_DSP
ZSG_MM_PO.DSP_202,ZSG_MM_PO.DSP_XXX,ZSG_MM_PO.DSP_851
ZSG_MM_PO.INTF_202,ZSG_MM_PO.INTF_202,ZSG_MM_PO.INTF_851
ZSG_MM_PO.PRO_202,ZSG_MM_PO.PRO_XXX,ZSG_MM_PO.PRO_851
ZSG_MM_PO.PRT_202,ZSG_MM_PO.PRT_XXX,ZSG_MM_PO.PRT_851
ZSG_MM_PO.VENADM,ZSG_MM_PO.VENADM,ZSG_MM_PO.VENADM
ZSG_MM_PR.PRO_202,ZSG_MM_PR.PRO_XXX,ZSG_MM_PR.PRO_851
ZSG_SD_BL.DSP_202,ZSG_SD_BL.DSP_XXX,ZSG_SD_BL.DSP_851
ZSG_SD_BL.INTF_202,ZSG_SD_BL.INTF_202,ZSG_SD_BL.INTF_851
ZSG_SD_BL.PRO_202,ZSG_SD_BL.PRO_XXX,ZSG_SD_BL.PRO_851
ZSG_SD_BL.REQCNC_202,ZSG_SD_BL.REQCNC_XXX,ZSG_SD_BL.REQCNC_851
ZSG_SD_CMIR.ADM_202,ZSG_SD_CMIR.ADM_XXX,ZSG_SD_CMIR.ADM_851
ZSG_SD_CMIR.DSP_202,ZSG_SD_CMIR.DSP_XXX,ZSG_SD_CMIR.DSP_851
ZSG_SD_COND.DSP_202,ZSG_SD_COND.DSP_XXX,ZSG_SD_COND.DSP_851
ZSG_SD_DO.PRO_202,ZSG_SD_DO.PRO_XXX,ZSG_SD_DO.PRO_851
ZSG_SD_QT.PRO_202,ZSG_SD_QT.PRO_XXX,ZSG_SD_QT.PRO_851
ZSG_SD_SO.DSP_202,ZSG_SD_SO.DSP_XXX,ZSG_SD_SO.DSP_851
ZSG_SD_SO.INTF_202,ZSG_SD_SO.INTF_202,ZSG_SD_SO.INTF_851
ZSG_SD_SO.PRO_202,ZSG_SD_SO.PRO_XXX,ZSG_SD_SO.PRO_851
SAP_BC_DB_ADMIN_DB6,0,SAP_BC_DB_ADMIN_DB6
ZSG_MM_IM.DSP_213,ZSG_MM_IM.DSP_XXX,ZSG_MM_IM.DSP_872
ZSG_MM_IM.DSP_214,ZSG_MM_IM.DSP_XXX,ZSG_MM_IM.DSP_872
ZSG_MM_IM.DSP_232,ZSG_MM_IM.DSP_XXX,ZSG_MM_IM.DSP_872
ZSG_MM_LO.PRO-GI_208,ZSG_MM_LO.PRO-GI_XXX,ZSG_MM_LO.PRO-GI_812
ZSG_MM_LO.PRO-GI_209,ZSG_MM_LO.PRO-GI_XXX,ZSG_MM_LO.PRO-GI_813
ZSG_MM_LO.PRO-GI_210,ZSG_MM_LO.PRO-GI_XXX,ZSG_MM_LO.PRO-GI_815
ZSG_MM_LO.PRO-GI_213,ZSG_MM_LO.PRO-GI_XXX,ZSG_MM_LO.PRO-GI_872
ZSG_MM_LO.PRO-GI_214,ZSG_MM_LO.PRO-GI_XXX,ZSG_MM_LO.PRO-GI_872
ZSG_MM_LO.PRO-GI_215,ZSG_MM_LO.PRO-GI_XXX,ZSG_MM_LO.PRO-GI_815
ZSG_MM_LO.PRO-GI_218,ZSG_MM_LO.PRO-GI_XXX,ZSG_MM_LO.PRO-GI_833
ZSG_MM_LO.PRO-GI_219,ZSG_MM_LO.PRO-GI_XXX,ZSG_MM_LO.PRO-GI_835
ZSG_MM_LO.PRO-GI_220,ZSG_MM_LO.PRO-GI_XXX,ZSG_MM_LO.PRO-GI_833
ZSG_MM_LO.PRO-GI_221,ZSG_MM_LO.PRO-GI_XXX,ZSG_MM_LO.PRO-GI_833
ZSG_MM_LO.PRO-GI_223,ZSG_MM_LO.PRO-GI_XXX,ZSG_MM_LO.PRO-GI_833
ZSG_MM_LO.PRO-GI_232,ZSG_MM_LO.PRO-GI_XXX,ZSG_MM_LO.PRO-GI_872
ZSG_MM_LO.PRO-GR_208,ZSG_MM_LO.PRO-GR_XXX,ZSG_MM_LO.PRO-GR_812
ZSG_MM_LO.PRO-GR_209,ZSG_MM_LO.PRO-GR_XXX,ZSG_MM_LO.PRO-GR_813
ZSG_MM_LO.PRO-GR_210,ZSG_MM_LO.PRO-GR_XXX,ZSG_MM_LO.PRO-GR_815
ZSG_MM_LO.PRO-GR_213,ZSG_MM_LO.PRO-GR_XXX,ZSG_MM_LO.PRO-GR_872
ZSG_MM_LO.PRO-GR_214,ZSG_MM_LO.PRO-GR_XXX,ZSG_MM_LO.PRO-GR_872
ZSG_MM_LO.PRO-GR_215,ZSG_MM_LO.PRO-GR_XXX,ZSG_MM_LO.PRO-GR_815
ZSG_MM_LO.PRO-GR_218,ZSG_MM_LO.PRO-GR_XXX,ZSG_MM_LO.PRO-GR_833
ZSG_MM_LO.PRO-GR_219,ZSG_MM_LO.PRO-GR_XXX,ZSG_MM_LO.PRO-GR_835
ZSG_MM_LO.PRO-GR_220,ZSG_MM_LO.PRO-GR_XXX,ZSG_MM_LO.PRO-GR_833
ZSG_MM_LO.PRO-GR_221,ZSG_MM_LO.PRO-GR_XXX,ZSG_MM_LO.PRO-GR_833
ZSG_MM_LO.PRO-GR_223,ZSG_MM_LO.PRO-GR_XXX,ZSG_MM_LO.PRO-GR_833
ZSG_MM_LO.PRO-GR_232,ZSG_MM_LO.PRO-GR_XXX,ZSG_MM_LO.PRO-GR_872
Z_APP.USER.ADM_ISS,Z_APP.USER.ADM_ISS,Z_APP.USER.ADM_ISS
ZSG_MM_PO.DSP_203,ZSG_MM_PO.DSP_XXX,ZSG_MM_PO.DSP_861
ZSG_MM_PO.PRT_203,ZSG_MM_PO.PRT_XXX,ZSG_MM_PO.PRT_861
ZSG_SD_BL.DSP_203,ZSG_SD_BL.DSP_XXX,ZSG_SD_BL.DSP_861
ZSG_SD_CMIR.DSP_203,ZSG_SD_CMIR.DSP_XXX,ZSG_SD_CMIR.DSP_861
ZSG_SD_COND.DSP_203,ZSG_SD_COND.DSP_XXX,ZSG_SD_COND.DSP_861
ZSG_SD_SO.DSP_203,ZSG_SD_SO.DSP_XXX,ZSG_SD_SO.DSP_861
ZSG_MM_PI.ENTER_208,ZSG_MM_PI.ENTER_XXX,ZSG_MM_PI.ENTER_812
ZSG_BS_UT.DSP_104,ZSG_BS_UT.DSP_XXX,ZSG_BS_UT.DSP_615
ZSG_CS_NO.ADM,ZSG_CS_NO.ADM,ZSG_CS_NO.ADM
ZSG_CS_NO.DSP_XXX,ZSG_CS_NO.DSP_XXX,ZSG_CS_NO.DSP_XXX
ZSG_FI_AR.PRO,ZSG_FI_AR.PRO,ZSG_FI_AR.PRO
ZSG_FI_AR.PYMT,ZSG_FI_AR.PYMT,ZSG_FI_AR.PYMT
ZSG_FI_CK.LOT.PRO,ZSG_FI_CK.LOT.PRO,ZSG_FI_CK.LOT.PRO
ZSG_MM_IM.STKOFF_XXX,ZSG_MM_IM.STKOFF_XXX,ZSG_MM_IM.STKOFF_XXX
ZSG_MM_LO.PRO-GI.CANCEL_XXX,ZSG_MM_LO.PRO-GI.CANCEL_XXX,ZSG_MM_LO.PRO-GI.CANCEL_XXX
ZSG_MM_LO.PRO-TRS_ADMIN,ZSG_MM_LO.PRO-TRS_XXX,ZSG_MM_LO.PRO-TRS_ADMIN
ZSG_MM_MM.PRICE_XXX,ZSG_MM_MM.PRICE_XXX,ZSG_MM_MM.PRICE_XXX
ZSG_MM_PI.PRO_XXX,ZSG_MM_PI.PRO_XXX,ZSG_MM_PI.PRO_XXX
ZSG_SD_BL.PRO_ADMIN,ZSG_SD_BL.PRO_XXX,ZSG_SD_BL.PRO_ADMIN
ZSG_SD_QT.PRO_ADMIN,ZSG_SD_QT.PRO_XXX,ZSG_SD_QT.PRO_ADMIN
ZSG_SD_SO.PRO_ADMIN,ZSG_SD_SO.PRO_XXX,ZSG_SD_SO.PRO_ADMIN
ZSG_CS_EM.ADM_222,ZSG_CS_EM.ADM_XXX,ZSG_CS_EM.ADM_836
ZSG_CS_EM.ADM_224,ZSG_CS_EM.ADM_XXX,ZSG_CS_EM.ADM_837
ZSG_CS_EM.ADM_225,ZSG_CS_EM.ADM_XXX,ZSG_CS_EM.ADM_838
ZSG_MM_LO.PRO-TRS_218,ZSG_MM_LO.PRO-TRS_XXX,ZSG_MM_LO.PRO-TRS_833
ZSG_MM_LO.PRO-TRS_219,ZSG_MM_LO.PRO-TRS_XXX,ZSG_MM_LO.PRO-TRS_835
ZSG_MM_LO.PRO-TRS_220,ZSG_MM_LO.PRO-TRS_XXX,ZSG_MM_LO.PRO-TRS_833
ZSG_MM_LO.PRO-TRS_221,ZSG_MM_LO.PRO-TRS_XXX,ZSG_MM_LO.PRO-TRS_833
ZSG_MM_LO.PRO-TRS_222,ZSG_MM_LO.PRO-TRS_XXX,ZSG_MM_LO.PRO-TRS_836
ZSG_MM_LO.PRO-TRS_223,ZSG_MM_LO.PRO-TRS_XXX,ZSG_MM_LO.PRO-TRS_833
ZSG_MM_LO.PRO-TRS_224,ZSG_MM_LO.PRO-TRS_XXX,ZSG_MM_LO.PRO-TRS_837
ZSG_MM_LO.PRO-TRS_225,ZSG_MM_LO.PRO-TRS_XXX,ZSG_MM_LO.PRO-TRS_838
ZSG_MM_MM.PRO_218,ZSG_MM_MM.PRO_XXX,ZSG_MM_MM.PRO_833
ZSG_MM_MM.PRO_219,ZSG_MM_MM.PRO_XXX,ZSG_MM_MM.PRO_835
ZSG_MM_MM.PRO_220,ZSG_MM_MM.PRO_XXX,ZSG_MM_MM.PRO_833
ZSG_MM_MM.PRO_221,ZSG_MM_MM.PRO_XXX,ZSG_MM_MM.PRO_833
ZSG_MM_MM.PRO_222,ZSG_MM_MM.PRO_XXX,ZSG_MM_MM.PRO_836
ZSG_MM_MM.PRO_223,ZSG_MM_MM.PRO_XXX,ZSG_MM_MM.PRO_833
ZSG_MM_MM.PRO_224,ZSG_MM_MM.PRO_XXX,ZSG_MM_MM.PRO_837
ZSG_MM_MM.PRO_225,ZSG_MM_MM.PRO_XXX,ZSG_MM_MM.PRO_838
ZSG_MM_MM.STBIN_XXX,ZSG_MM_MM.STBIN_XXX,ZSG_MM_MM.STBIN_XXX
ZSG_MM_PI.ENTER_218,ZSG_MM_PI.ENTER_XXX,ZSG_MM_PI.ENTER_833
ZSG_MM_PI.ENTER_219,ZSG_MM_PI.ENTER_XXX,ZSG_MM_PI.ENTER_835
ZSG_MM_PI.ENTER_220,ZSG_MM_PI.ENTER_XXX,ZSG_MM_PI.ENTER_833
ZSG_MM_PI.ENTER_221,ZSG_MM_PI.ENTER_XXX,ZSG_MM_PI.ENTER_833
ZSG_MM_PI.ENTER_223,ZSG_MM_PI.ENTER_XXX,ZSG_MM_PI.ENTER_833
ZSG_MM_PI.ENTER_224,ZSG_MM_PI.ENTER_XXX,ZSG_MM_PI.ENTER_837
ZSG_MM_PO.PRO_218,ZSG_MM_PO.PRO_XXX,ZSG_MM_PO.PRO_833
ZSG_MM_PO.PRO_219,ZSG_MM_PO.PRO_XXX,ZSG_MM_PO.PRO_835
ZSG_MM_PO.PRO_220,ZSG_MM_PO.PRO_XXX,ZSG_MM_PO.PRO_833
ZSG_MM_PO.PRO_221,ZSG_MM_PO.PRO_XXX,ZSG_MM_PO.PRO_833
ZSG_MM_PO.PRO_222,ZSG_MM_PO.PRO_XXX,ZSG_MM_PO.PRO_836
ZSG_MM_PO.PRO_223,ZSG_MM_PO.PRO_XXX,ZSG_MM_PO.PRO_833
ZSG_MM_PO.PRO_224,ZSG_MM_PO.PRO_XXX,ZSG_MM_PO.PRO_837
ZSG_MM_PO.PRO_225,ZSG_MM_PO.PRO_XXX,ZSG_MM_PO.PRO_838
ZSG_MM_PR.PRO_218,ZSG_MM_PR.PRO_XXX,ZSG_MM_PR.PRO_833
ZSG_MM_PR.PRO_219,ZSG_MM_PR.PRO_XXX,ZSG_MM_PR.PRO_835
ZSG_MM_PR.PRO_220,ZSG_MM_PR.PRO_XXX,ZSG_MM_PR.PRO_833
ZSG_MM_PR.PRO_221,ZSG_MM_PR.PRO_XXX,ZSG_MM_PR.PRO_833
ZSG_MM_PR.PRO_222,ZSG_MM_PR.PRO_XXX,ZSG_MM_PR.PRO_836
ZSG_MM_PR.PRO_223,ZSG_MM_PR.PRO_XXX,ZSG_MM_PR.PRO_833
ZSG_MM_PR.PRO_224,ZSG_MM_PR.PRO_XXX,ZSG_MM_PR.PRO_837
ZSG_MM_PR.PRO_225,ZSG_MM_PR.PRO_XXX,ZSG_MM_PR.PRO_838
ZSG_SD_BL.PRO_218,ZSG_SD_BL.PRO_XXX,ZSG_SD_BL.PRO_833
ZSG_SD_BL.PRO_219,ZSG_SD_BL.PRO_XXX,ZSG_SD_BL.PRO_835
ZSG_SD_BL.PRO_220,ZSG_SD_BL.PRO_XXX,ZSG_SD_BL.PRO_833
ZSG_SD_BL.PRO_221,ZSG_SD_BL.PRO_XXX,ZSG_SD_BL.PRO_833
ZSG_SD_BL.PRO_222,ZSG_SD_BL.PRO_XXX,ZSG_SD_BL.PRO_836
ZSG_SD_BL.PRO_223,ZSG_SD_BL.PRO_XXX,ZSG_SD_BL.PRO_833
ZSG_SD_BL.PRO_224,ZSG_SD_BL.PRO_XXX,ZSG_SD_BL.PRO_837
ZSG_SD_BL.PRO_225,ZSG_SD_BL.PRO_XXX,ZSG_SD_BL.PRO_838
ZSG_SD_BL.REQCNC_218,ZSG_SD_BL.REQCNC_XXX,ZSG_SD_BL.REQCNC_833
ZSG_SD_BL.REQCNC_219,ZSG_SD_BL.REQCNC_XXX,ZSG_SD_BL.REQCNC_835
ZSG_SD_BL.REQCNC_220,ZSG_SD_BL.REQCNC_XXX,ZSG_SD_BL.REQCNC_833
ZSG_SD_BL.REQCNC_221,ZSG_SD_BL.REQCNC_XXX,ZSG_SD_BL.REQCNC_833
ZSG_SD_BL.REQCNC_222,ZSG_SD_BL.REQCNC_XXX,ZSG_SD_BL.REQCNC_836
ZSG_SD_BL.REQCNC_223,ZSG_SD_BL.REQCNC_XXX,ZSG_SD_BL.REQCNC_833
ZSG_SD_BL.REQCNC_224,ZSG_SD_BL.REQCNC_XXX,ZSG_SD_BL.REQCNC_837
ZSG_SD_BL.REQCNC_225,ZSG_SD_BL.REQCNC_XXX,ZSG_SD_BL.REQCNC_838
ZSG_SD_CMIR.ADM_218,ZSG_SD_CMIR.ADM_XXX,ZSG_SD_CMIR.ADM_833
ZSG_SD_CMIR.ADM_219,ZSG_SD_CMIR.ADM_XXX,ZSG_SD_CMIR.ADM_835
ZSG_SD_CMIR.ADM_220,ZSG_SD_CMIR.ADM_XXX,ZSG_SD_CMIR.ADM_833
ZSG_SD_CMIR.ADM_221,ZSG_SD_CMIR.ADM_XXX,ZSG_SD_CMIR.ADM_833
ZSG_SD_CMIR.ADM_222,ZSG_SD_CMIR.ADM_XXX,ZSG_SD_CMIR.ADM_836
ZSG_SD_CMIR.ADM_223,ZSG_SD_CMIR.ADM_XXX,ZSG_SD_CMIR.ADM_833
ZSG_SD_CMIR.ADM_224,ZSG_SD_CMIR.ADM_XXX,ZSG_SD_CMIR.ADM_837
ZSG_SD_CMIR.ADM_225,ZSG_SD_CMIR.ADM_XXX,ZSG_SD_CMIR.ADM_838
ZSG_SD_COND.ADM_218PR00,ZSG_SD_COND.ADM_XXX,ZSG_SD_COND.ADM_833PR00
ZSG_SD_COND.ADM_220PR00,ZSG_SD_COND.ADM_XXX,ZSG_SD_COND.ADM_833PR00
ZSG_SD_COND.ADM_221PR00,ZSG_SD_COND.ADM_XXX,ZSG_SD_COND.ADM_833PR00
ZSG_SD_COND.ADM_222PR00,ZSG_SD_COND.ADM_XXX,ZSG_SD_COND.ADM_836PR00
ZSG_SD_COND.ADM_223PR00,ZSG_SD_COND.ADM_XXX,ZSG_SD_COND.ADM_833PR00
ZSG_SD_COND.ADM_224PR00,ZSG_SD_COND.ADM_XXX,ZSG_SD_COND.ADM_837PR00
ZSG_SD_COND.ADM_225PR00,ZSG_SD_COND.ADM_XXX,ZSG_SD_COND.ADM_838PR00
ZSG_SD_COND.UPL_225PR00,ZSG_SD_COND.UPL_XXX,ZSG_SD_COND.UPL_838PR00
ZSG_SD_DO.PRO_218,ZSG_SD_DO.PRO_XXX,ZSG_SD_DO.PRO_833
ZSG_SD_DO.PRO_219,ZSG_SD_DO.PRO_XXX,ZSG_SD_DO.PRO_835
ZSG_SD_DO.PRO_220,ZSG_SD_DO.PRO_XXX,ZSG_SD_DO.PRO_833
ZSG_SD_DO.PRO_221,ZSG_SD_DO.PRO_XXX,ZSG_SD_DO.PRO_833
ZSG_SD_DO.PRO_222,ZSG_SD_DO.PRO_XXX,ZSG_SD_DO.PRO_836
ZSG_SD_DO.PRO_223,ZSG_SD_DO.PRO_XXX,ZSG_SD_DO.PRO_833
ZSG_SD_DO.PRO_224,ZSG_SD_DO.PRO_XXX,ZSG_SD_DO.PRO_837
ZSG_SD_DO.PRO_225,ZSG_SD_DO.PRO_XXX,ZSG_SD_DO.PRO_838
ZSG_SD_SO.PRO_218,ZSG_SD_SO.PRO_XXX,ZSG_SD_SO.PRO_833
ZSG_SD_SO.PRO_219,ZSG_SD_SO.PRO_XXX,ZSG_SD_SO.PRO_835
ZSG_SD_SO.PRO_220,ZSG_SD_SO.PRO_XXX,ZSG_SD_SO.PRO_833
ZSG_SD_SO.PRO_221,ZSG_SD_SO.PRO_XXX,ZSG_SD_SO.PRO_833
ZSG_SD_SO.PRO_222,ZSG_SD_SO.PRO_XXX,ZSG_SD_SO.PRO_836
ZSG_SD_SO.PRO_223,ZSG_SD_SO.PRO_XXX,ZSG_SD_SO.PRO_833
ZSG_SD_SO.PRO_224,ZSG_SD_SO.PRO_XXX,ZSG_SD_SO.PRO_837
ZSG_SD_SO.PRO_225,ZSG_SD_SO.PRO_XXX,ZSG_SD_SO.PRO_838
ZSG_CO_PA.SDSP_207,ZSG_CO_PA.SDSP_XXX,ZSG_CO_PA.SDSP_811
ZSG_CO_PA.SDSP_211,ZSG_CO_PA.SDSP_XXX,ZSG_CO_PA.SDSP_816
ZSG_CO_PA.SDSP_229,ZSG_CO_PA.SDSP_XXX,ZSG_CO_PA.SDSP_872
ZSG_CO_PA.SDSP_245,ZSG_CO_PA.SDSP_XXX,ZSG_CO_PA.SDSP_911
ZSG_MM_IM.DSP_205,ZSG_MM_IM.DSP_XXX,ZSG_MM_IM.DSP_872
ZSG_MM_IM.DSP_206,ZSG_MM_IM.DSP_XXX,ZSG_MM_IM.DSP_872
ZSG_MM_IM.DSP_226,ZSG_MM_IM.DSP_XXX,ZSG_MM_IM.DSP_611
ZSG_MM_IM.DSP_229,ZSG_MM_IM.DSP_XXX,ZSG_MM_IM.DSP_872
ZSG_MM_PO.DSP_205,ZSG_MM_PO.DSP_XXX,ZSG_MM_PO.DSP_872
ZSG_MM_PO.DSP_206,ZSG_MM_PO.DSP_XXX,ZSG_MM_PO.DSP_872
ZSG_MM_PO.DSP_213,ZSG_MM_PO.DSP_XXX,ZSG_MM_PO.DSP_872
ZSG_MM_PO.DSP_214,ZSG_MM_PO.DSP_XXX,ZSG_MM_PO.DSP_872
ZSG_MM_PO.DSP_226,ZSG_MM_PO.DSP_XXX,ZSG_MM_PO.DSP_611
ZSG_MM_PO.DSP_229,ZSG_MM_PO.DSP_XXX,ZSG_MM_PO.DSP_872
ZSG_MM_PO.DSP_232,ZSG_MM_PO.DSP_XXX,ZSG_MM_PO.DSP_872
ZSG_MM_PO.PRT_205,ZSG_MM_PO.PRT_XXX,ZSG_MM_PO.PRT_872
ZSG_MM_PO.PRT_206,ZSG_MM_PO.PRT_XXX,ZSG_MM_PO.PRT_872
ZSG_MM_PO.PRT_213,ZSG_MM_PO.PRT_XXX,ZSG_MM_PO.PRT_872
ZSG_MM_PO.PRT_214,ZSG_MM_PO.PRT_XXX,ZSG_MM_PO.PRT_872
ZSG_MM_PO.PRT_215,ZSG_MM_PO.PRT_XXX,ZSG_MM_PO.PRT_815
ZSG_MM_PO.PRT_226,ZSG_MM_PO.PRT_XXX,ZSG_MM_PO.PRT_611
ZSG_MM_PO.PRT_229,ZSG_MM_PO.PRT_XXX,ZSG_MM_PO.PRT_872
ZSG_MM_PO.PRT_232,ZSG_MM_PO.PRT_XXX,ZSG_MM_PO.PRT_872
ZSG_MM_PR.DSP_229,ZSG_MM_PR.DSP_XXX,ZSG_MM_PR.DSP_872
ZSG_SD_BL.DSP_205,ZSG_SD_BL.DSP_XXX,ZSG_SD_BL.DSP_872
ZSG_SD_BL.DSP_206,ZSG_SD_BL.DSP_XXX,ZSG_SD_BL.DSP_872
ZSG_SD_BL.DSP_213,ZSG_SD_BL.DSP_XXX,ZSG_SD_BL.DSP_872
ZSG_SD_BL.DSP_214,ZSG_SD_BL.DSP_XXX,ZSG_SD_BL.DSP_872
ZSG_SD_BL.DSP_226,ZSG_SD_BL.DSP_XXX,ZSG_SD_BL.DSP_611
ZSG_SD_BL.DSP_229,ZSG_SD_BL.DSP_XXX,ZSG_SD_BL.DSP_872
ZSG_SD_BL.DSP_230,ZSG_SD_BL.DSP_XXX,ZSG_SD_BL.DSP_872
ZSG_SD_BL.DSP_232,ZSG_SD_BL.DSP_XXX,ZSG_SD_BL.DSP_872
ZSG_SD_BL.DSP_245,ZSG_SD_BL.DSP_XXX,ZSG_SD_BL.DSP_911
ZSG_SD_SO.DSP_205,ZSG_SD_SO.DSP_XXX,ZSG_SD_SO.DSP_872
ZSG_SD_SO.DSP_206,ZSG_SD_SO.DSP_XXX,ZSG_SD_SO.DSP_872
ZSG_SD_SO.DSP_213,ZSG_SD_SO.DSP_XXX,ZSG_SD_SO.DSP_872
ZSG_SD_SO.DSP_214,ZSG_SD_SO.DSP_XXX,ZSG_SD_SO.DSP_872
ZSG_SD_SO.DSP_226,ZSG_SD_SO.DSP_XXX,ZSG_SD_SO.DSP_611
ZSG_SD_SO.DSP_229,ZSG_SD_SO.DSP_XXX,ZSG_SD_SO.DSP_872
ZSG_SD_SO.DSP_230,ZSG_SD_SO.DSP_XXX,ZSG_SD_SO.DSP_872
ZSG_SD_SO.DSP_232,ZSG_SD_SO.DSP_XXX,ZSG_SD_SO.DSP_872
ZSG_SD_SO.DSP_245,ZSG_SD_SO.DSP_XXX,ZSG_SD_SO.DSP_911
ZSG_MM_PO.APPLV1_213,ZSG_MM_PO.APPLV1_XXX,ZSG_MM_PO.APPLV1_872
ZSG_SD_SO.APPSB_213,ZSG_SD_SO.APPSB_XXX,ZSG_SD_SO.APPSB_872
ZSG_CS_LO.PRO-GI_XXX,ZSG_CS_LO.PRO-GI_XXX,ZSG_CS_LO.PRO-GI_XXX
ZSG_CS_LO.PRO-GR_XXX,ZSG_CS_LO.PRO-GR_XXX,ZSG_CS_LO.PRO-GR_XXX
ZSG_MM_LO.PRO-GI_225,ZSG_MM_LO.PRO-GI_XXX,ZSG_MM_LO.PRO-GI_838
ZSG_MM_LO.PRO-GR_225,ZSG_MM_LO.PRO-GR_XXX,ZSG_MM_LO.PRO-GR_838
ZSG_MM_LO.PRO-TRS_203,ZSG_MM_LO.PRO-TRS_XXX,ZSG_MM_LO.PRO-TRS_861
ZSG_MM_MM.PRO_203,ZSG_MM_MM.PRO_XXX,ZSG_MM_MM.PRO_861
ZSG_MM_PI.ENTER_203,ZSG_MM_PI.ENTER_XXX,ZSG_MM_PI.ENTER_861
ZSG_MM_PO.PRO_203,ZSG_MM_PO.PRO_XXX,ZSG_MM_PO.PRO_861
ZSG_MM_PR.PRO_203,ZSG_MM_PR.PRO_XXX,ZSG_MM_PR.PRO_861
ZSG_SD_BL.PRO_203,ZSG_SD_BL.PRO_XXX,ZSG_SD_BL.PRO_861
ZSG_SD_BL.REQCNC_203,ZSG_SD_BL.REQCNC_XXX,ZSG_SD_BL.REQCNC_861
ZSG_SD_CMIR.ADM_203,ZSG_SD_CMIR.ADM_XXX,ZSG_SD_CMIR.ADM_861
ZSG_SD_DO.PRO_203,ZSG_SD_DO.PRO_XXX,ZSG_SD_DO.PRO_861
ZSG_SD_QT.PRO_203,ZSG_SD_QT.PRO_XXX,ZSG_SD_QT.PRO_861
ZSG_SD_SO.INTF_203,ZSG_SD_SO.INTF_203,ZSG_SD_SO.INTF_861
ZSG_SD_SO.PRO_203,ZSG_SD_SO.PRO_XXX,ZSG_SD_SO.PRO_861
ZSG_CS_NO.PRO_222,ZSG_CS_NO.PRO_XXX,ZSG_CS_NO.PRO_836
ZSG_CS_NO.PRO_224,ZSG_CS_NO.PRO_XXX,ZSG_CS_NO.PRO_837
ZSG_FI_GL.SDSP_207,ZSG_FI_GL.SDSP_XXX,ZSG_FI_GL.SDSP_811
ZSG_FI_GL.SDSP_208,ZSG_FI_GL.SDSP_XXX,ZSG_FI_GL.SDSP_812
ZSG_FI_GL.SDSP_209,ZSG_FI_GL.SDSP_XXX,ZSG_FI_GL.SDSP_813
ZSG_FI_GL.SDSP_210,ZSG_FI_GL.SDSP_XXX,ZSG_FI_GL.SDSP_815
ZSG_FI_GL.SDSP_211,ZSG_FI_GL.SDSP_XXX,ZSG_FI_GL.SDSP_816
ZSG_FI_GL.SDSP_215,ZSG_FI_GL.SDSP_XXX,ZSG_FI_GL.SDSP_815
ZSG_MM_LO.PRO-GI.CANCEL_208,ZSG_MM_LO.PRO-GI.CANCEL_XXX,ZSG_MM_LO.PRO-GI.CANCEL_812
ZSG_MM_LO.PRO-GI.CANCEL_209,ZSG_MM_LO.PRO-GI.CANCEL_XXX,ZSG_MM_LO.PRO-GI.CANCEL_813
ZSG_MM_LO.PRO-GI.CANCEL_210,ZSG_MM_LO.PRO-GI.CANCEL_XXX,ZSG_MM_LO.PRO-GI.CANCEL_815
ZSG_MM_LO.PRO-GI.CANCEL_215,ZSG_MM_LO.PRO-GI.CANCEL_XXX,ZSG_MM_LO.PRO-GI.CANCEL_815
ZSG_MM_MM.GPSI_208,ZSG_MM_MM.GPSI_XXX,ZSG_MM_MM.GPSI_812
ZSG_MM_MM.GPSI_210,ZSG_MM_MM.GPSI_XXX,ZSG_MM_MM.GPSI_815
ZSG_MM_MM.GPSI_215,ZSG_MM_MM.GPSI_XXX,ZSG_MM_MM.GPSI_815
ZSG_MM_MM.PRO_208,ZSG_MM_MM.PRO_XXX,ZSG_MM_MM.PRO_812
ZSG_MM_MM.PRO_210,ZSG_MM_MM.PRO_XXX,ZSG_MM_MM.PRO_815
ZSG_MM_MM.PRO_215,ZSG_MM_MM.PRO_XXX,ZSG_MM_MM.PRO_815
ZSG_MM_PO.GRI_208,ZSG_MM_PO.GRI_XXX,ZSG_MM_PO.GRI_812
ZSG_MM_PO.GRI_215,ZSG_MM_PO.GRI_XXX,ZSG_MM_PO.GRI_815
ZSG_MM_PO.PRO_208,ZSG_MM_PO.PRO_XXX,ZSG_MM_PO.PRO_812
ZSG_MM_PO.PRO_210,ZSG_MM_PO.PRO_XXX,ZSG_MM_PO.PRO_815
ZSG_MM_PR.PRO_208,ZSG_MM_PR.PRO_XXX,ZSG_MM_PR.PRO_812
ZSG_MM_PR.PRO_210,ZSG_MM_PR.PRO_XXX,ZSG_MM_PR.PRO_815
ZSG_SD_CMIR.ADM_208,ZSG_SD_CMIR.ADM_XXX,ZSG_SD_CMIR.ADM_812
ZSG_SD_CMIR.ADM_210,ZSG_SD_CMIR.ADM_XXX,ZSG_SD_CMIR.ADM_815
ZSG_SD_CMIR.ADM_215,ZSG_SD_CMIR.ADM_XXX,ZSG_SD_CMIR.ADM_815
ZSG_SD_COND.ADM_215,ZSG_SD_COND.ADM_XXX,ZSG_SD_COND.ADM_815
ZSG_SD_SO.APPCL_208,ZSG_SD_SO.APPCL_XXX,ZSG_SD_SO.APPCL_812
ZSG_SD_SO.APPCL_209,ZSG_SD_SO.APPCL_XXX,ZSG_SD_SO.APPCL_813
ZSG_SD_SO.APPCL_210,ZSG_SD_SO.APPCL_XXX,ZSG_SD_SO.APPCL_815
ZSG_FI_GL.SDSP_216,ZSG_FI_GL.SDSP_XXX,ZSG_FI_GL.SDSP_831
ZSG_FI_GL.SDSP_217,ZSG_FI_GL.SDSP_XXX,ZSG_FI_GL.SDSP_839
ZSG_FI_GL.SDSP_218,ZSG_FI_GL.SDSP_XXX,ZSG_FI_GL.SDSP_833
ZSG_FI_GL.SDSP_219,ZSG_FI_GL.SDSP_XXX,ZSG_FI_GL.SDSP_835
ZSG_FI_GL.SDSP_220,ZSG_FI_GL.SDSP_XXX,ZSG_FI_GL.SDSP_833
ZSG_FI_GL.SDSP_221,ZSG_FI_GL.SDSP_XXX,ZSG_FI_GL.SDSP_833
ZSG_FI_GL.SDSP_222,ZSG_FI_GL.SDSP_XXX,ZSG_FI_GL.SDSP_836
ZSG_FI_GL.SDSP_223,ZSG_FI_GL.SDSP_XXX,ZSG_FI_GL.SDSP_833
ZSG_FI_GL.SDSP_224,ZSG_FI_GL.SDSP_XXX,ZSG_FI_GL.SDSP_837
ZSG_FI_GL.SDSP_225,ZSG_FI_GL.SDSP_XXX,ZSG_FI_GL.SDSP_838
ZSG_FI_GL.SDSP_244,ZSG_FI_GL.SDSP_XXX,ZSG_FI_GL.SDSP_839
ZSG_MM_PO.APPLV2_218,ZSG_MM_PO.APPLV2_XXX,ZSG_MM_PO.APPLV2_833
ZSG_MM_PO.APPLV2_219,ZSG_MM_PO.APPLV2_XXX,ZSG_MM_PO.APPLV2_835
ZSG_MM_PO.APPLV2_220,ZSG_MM_PO.APPLV2_XXX,ZSG_MM_PO.APPLV2_833
ZSG_MM_PO.APPLV2_221,ZSG_MM_PO.APPLV2_XXX,ZSG_MM_PO.APPLV2_833
ZSG_MM_PO.APPLV2_222,ZSG_MM_PO.APPLV2_XXX,ZSG_MM_PO.APPLV2_836
ZSG_MM_PO.APPLV2_223,ZSG_MM_PO.APPLV2_XXX,ZSG_MM_PO.APPLV2_833
ZSG_MM_PO.APPLV2_224,ZSG_MM_PO.APPLV2_XXX,ZSG_MM_PO.APPLV2_837
ZSG_MM_PO.APPLV2_225,ZSG_MM_PO.APPLV2_XXX,ZSG_MM_PO.APPLV2_838
ZSG_CS_NO.PRO_225,ZSG_CS_NO.PRO_XXX,ZSG_CS_NO.PRO_838
ZSG_MM_COND.UPL_225,ZSG_MM_COND.UPL_XXX,ZSG_MM_COND.UPL_838
ZSG_MM_MM.ECP_225,ZSG_MM_MM.ECP_XXX,ZSG_MM_MM.ECP_838
ZSG_MM_PO.CON_XXX,ZSG_MM_PO.CON_XXX,ZSG_MM_PO.CON_XXX
ZSG_SD_COND.ADM_225,ZSG_SD_COND.ADM_XXX,ZSG_SD_COND.ADM_838
ZSG_SD_LC.PRO_225,ZSG_SD_LC.PRO_XXX,ZSG_SD_LC.PRO_838
ZSG_MM_LO.PRO-GI.CANCEL_218,ZSG_MM_LO.PRO-GI.CANCEL_XXX,ZSG_MM_LO.PRO-GI.CANCEL_833
ZSG_MM_LO.PRO-GI.CANCEL_219,ZSG_MM_LO.PRO-GI.CANCEL_XXX,ZSG_MM_LO.PRO-GI.CANCEL_835
ZSG_MM_LO.PRO-GI.CANCEL_220,ZSG_MM_LO.PRO-GI.CANCEL_XXX,ZSG_MM_LO.PRO-GI.CANCEL_833
ZSG_MM_LO.PRO-GI.CANCEL_221,ZSG_MM_LO.PRO-GI.CANCEL_XXX,ZSG_MM_LO.PRO-GI.CANCEL_833
ZSG_MM_LO.PRO-GI.CANCEL_222,ZSG_MM_LO.PRO-GI.CANCEL_XXX,ZSG_MM_LO.PRO-GI.CANCEL_836
ZSG_MM_LO.PRO-GI.CANCEL_223,ZSG_MM_LO.PRO-GI.CANCEL_XXX,ZSG_MM_LO.PRO-GI.CANCEL_833
ZSG_MM_LO.PRO-GI.CANCEL_224,ZSG_MM_LO.PRO-GI.CANCEL_XXX,ZSG_MM_LO.PRO-GI.CANCEL_837
ZSG_MM_LO.PRO-GI.CANCEL_225,ZSG_MM_LO.PRO-GI.CANCEL_XXX,ZSG_MM_LO.PRO-GI.CANCEL_838
ZSG_MM_LO.PRO-TRSMTM_218,ZSG_MM_LO.PRO-TRSMTM_XXX,ZSG_MM_LO.PRO-TRSMTM_833
ZSG_MM_LO.PRO-TRSMTM_219,ZSG_MM_LO.PRO-TRSMTM_XXX,ZSG_MM_LO.PRO-TRSMTM_835
ZSG_MM_LO.PRO-TRSMTM_220,ZSG_MM_LO.PRO-TRSMTM_XXX,ZSG_MM_LO.PRO-TRSMTM_833
ZSG_MM_LO.PRO-TRSMTM_221,ZSG_MM_LO.PRO-TRSMTM_XXX,ZSG_MM_LO.PRO-TRSMTM_833
ZSG_MM_LO.PRO-TRSMTM_222,ZSG_MM_LO.PRO-TRSMTM_XXX,ZSG_MM_LO.PRO-TRSMTM_836
ZSG_MM_LO.PRO-TRSMTM_223,ZSG_MM_LO.PRO-TRSMTM_XXX,ZSG_MM_LO.PRO-TRSMTM_833
ZSG_MM_LO.PRO-TRSMTM_224,ZSG_MM_LO.PRO-TRSMTM_XXX,ZSG_MM_LO.PRO-TRSMTM_837
ZSG_MM_LO.PRO-TRSMTM_225,ZSG_MM_LO.PRO-TRSMTM_XXX,ZSG_MM_LO.PRO-TRSMTM_838
ZSG_MM_LO.PRO-TRSMTM_REV_218,ZSG_MM_LO.PRO-TRSMTM_REV_XXX,ZSG_MM_LO.PRO-TRSMTM_REV_833
ZSG_MM_LO.PRO-TRSMTM_REV_219,ZSG_MM_LO.PRO-TRSMTM_REV_XXX,ZSG_MM_LO.PRO-TRSMTM_REV_835
ZSG_MM_LO.PRO-TRSMTM_REV_220,ZSG_MM_LO.PRO-TRSMTM_REV_XXX,ZSG_MM_LO.PRO-TRSMTM_REV_833
ZSG_MM_LO.PRO-TRSMTM_REV_221,ZSG_MM_LO.PRO-TRSMTM_REV_XXX,ZSG_MM_LO.PRO-TRSMTM_REV_833
ZSG_MM_LO.PRO-TRSMTM_REV_222,ZSG_MM_LO.PRO-TRSMTM_REV_XXX,ZSG_MM_LO.PRO-TRSMTM_REV_836
ZSG_MM_LO.PRO-TRSMTM_REV_223,ZSG_MM_LO.PRO-TRSMTM_REV_XXX,ZSG_MM_LO.PRO-TRSMTM_REV_833
ZSG_MM_LO.PRO-TRSMTM_REV_224,ZSG_MM_LO.PRO-TRSMTM_REV_XXX,ZSG_MM_LO.PRO-TRSMTM_REV_837
ZSG_MM_LO.PRO-TRSMTM_REV_225,ZSG_MM_LO.PRO-TRSMTM_REV_XXX,ZSG_MM_LO.PRO-TRSMTM_REV_838
ZSG_MM_LO.PRO-TRSSP_218,ZSG_MM_LO.PRO-TRSSP_XXX,ZSG_MM_LO.PRO-TRSSP_833
ZSG_MM_LO.PRO-TRSSP_219,ZSG_MM_LO.PRO-TRSSP_XXX,ZSG_MM_LO.PRO-TRSSP_835
ZSG_MM_LO.PRO-TRSSP_220,ZSG_MM_LO.PRO-TRSSP_XXX,ZSG_MM_LO.PRO-TRSSP_833
ZSG_MM_LO.PRO-TRSSP_221,ZSG_MM_LO.PRO-TRSSP_XXX,ZSG_MM_LO.PRO-TRSSP_833
ZSG_MM_LO.PRO-TRSSP_222,ZSG_MM_LO.PRO-TRSSP_XXX,ZSG_MM_LO.PRO-TRSSP_836
ZSG_MM_LO.PRO-TRSSP_223,ZSG_MM_LO.PRO-TRSSP_XXX,ZSG_MM_LO.PRO-TRSSP_833
ZSG_MM_LO.PRO-TRSSP_224,ZSG_MM_LO.PRO-TRSSP_XXX,ZSG_MM_LO.PRO-TRSSP_837
ZSG_MM_LO.PRO-TRSSP_225,ZSG_MM_LO.PRO-TRSSP_XXX,ZSG_MM_LO.PRO-TRSSP_838
ZSG_MM_LO.PRO-TRS_218_LE,ZSG_MM_LO.PRO-TRS_XXX,ZSG_MM_LO.PRO-TRS_833_LE
ZSG_MM_LO.PRO-TRS_218_PV,ZSG_MM_LO.PRO-TRS_XXX,ZSG_MM_LO.PRO-TRS_833_PV
ZSG_MM_LO.PRO-TRS_219_LE,ZSG_MM_LO.PRO-TRS_XXX,ZSG_MM_LO.PRO-TRS_835_LE
ZSG_MM_LO.PRO-TRS_219_PV,ZSG_MM_LO.PRO-TRS_XXX,ZSG_MM_LO.PRO-TRS_835_PV
ZSG_MM_LO.PRO-TRS_220_LE,ZSG_MM_LO.PRO-TRS_XXX,ZSG_MM_LO.PRO-TRS_833_LE
ZSG_MM_LO.PRO-TRS_220_PV,ZSG_MM_LO.PRO-TRS_XXX,ZSG_MM_LO.PRO-TRS_833_PV
ZSG_MM_LO.PRO-TRS_221_LE,ZSG_MM_LO.PRO-TRS_XXX,ZSG_MM_LO.PRO-TRS_833_LE
ZSG_MM_LO.PRO-TRS_221_PV,ZSG_MM_LO.PRO-TRS_XXX,ZSG_MM_LO.PRO-TRS_833_PV
ZSG_MM_LO.PRO-TRS_223_LE,ZSG_MM_LO.PRO-TRS_XXX,ZSG_MM_LO.PRO-TRS_833_LE
ZSG_MM_LO.PRO-TRS_223_PV,ZSG_MM_LO.PRO-TRS_XXX,ZSG_MM_LO.PRO-TRS_833_PV
ZSG_MM_PO.APPLV1_218,ZSG_MM_PO.APPLV1_XXX,ZSG_MM_PO.APPLV1_833
ZSG_MM_PO.APPLV1_219,ZSG_MM_PO.APPLV1_XXX,ZSG_MM_PO.APPLV1_835
ZSG_MM_PO.APPLV1_220,ZSG_MM_PO.APPLV1_XXX,ZSG_MM_PO.APPLV1_833
ZSG_MM_PO.APPLV1_221,ZSG_MM_PO.APPLV1_XXX,ZSG_MM_PO.APPLV1_833
ZSG_MM_PO.APPLV1_222,ZSG_MM_PO.APPLV1_XXX,ZSG_MM_PO.APPLV1_836
ZSG_MM_PO.APPLV1_223,ZSG_MM_PO.APPLV1_XXX,ZSG_MM_PO.APPLV1_833
ZSG_MM_PO.APPLV1_224,ZSG_MM_PO.APPLV1_XXX,ZSG_MM_PO.APPLV1_837
ZSG_MM_PO.APPLV1_225,ZSG_MM_PO.APPLV1_XXX,ZSG_MM_PO.APPLV1_838
ZSG_SD_COND.ADM_218,ZSG_SD_COND.ADM_XXX,ZSG_SD_COND.ADM_833
ZSG_SD_COND.ADM_219,ZSG_SD_COND.ADM_XXX,ZSG_SD_COND.ADM_835
ZSG_SD_COND.ADM_220,ZSG_SD_COND.ADM_XXX,ZSG_SD_COND.ADM_833
ZSG_SD_COND.ADM_221,ZSG_SD_COND.ADM_XXX,ZSG_SD_COND.ADM_833
ZSG_SD_COND.ADM_222,ZSG_SD_COND.ADM_XXX,ZSG_SD_COND.ADM_836
ZSG_SD_COND.ADM_223,ZSG_SD_COND.ADM_XXX,ZSG_SD_COND.ADM_833
ZSG_SD_COND.ADM_224,ZSG_SD_COND.ADM_XXX,ZSG_SD_COND.ADM_837
ZSG_SD_SO.APPSB_222,ZSG_SD_SO.APPSB_XXX,ZSG_SD_SO.APPSB_836
ZSG_SD_SO.APPSB_224,ZSG_SD_SO.APPSB_XXX,ZSG_SD_SO.APPSB_837
ZSG_SD_SO.APPSB_225,ZSG_SD_SO.APPSB_XXX,ZSG_SD_SO.APPSB_838
ZSG_MM_LA.PRO_218,ZSG_MM_LA.PRO_XXX,ZSG_MM_LA.PRO_833
ZSG_MM_LA.PRO_222,ZSG_MM_LA.PRO_XXX,ZSG_MM_LA.PRO_836
ZSG_MM_LA.PRO_225,ZSG_MM_LA.PRO_XXX,ZSG_MM_LA.PRO_838
ZAL_AL_SM.DSP_XXX,ZAL_AL_SM.DSP_XXX,ZAL_AL_SM.DSP_XXX
ZSG_AL_AP.DSP_XXX,ZSG_AL_AP.DSP_XXX,ZSG_AL_AP.DSP_XXX
ZSG_AL_AR.DSP_XXX,ZSG_AL_AR.DSP_XXX,ZSG_AL_AR.DSP_XXX
ZSG_BS_UT.DSP_XXX,ZSG_BS_UT.DSP_XXX,ZSG_BS_UT.DSP_XXX
ZSG_CO_OM.IORPT_XXX,ZSG_CO_OM.IORPT_XXX,ZSG_CO_OM.IORPT_XXX
ZSG_CS_EM.DSP_XXX,ZSG_CS_EM.DSP_XXX,ZSG_CS_EM.DSP_XXX
ZSG_FI_GL.MGRP,ZSG_FI_GL.MGRP,ZSG_FI_GL.MGRP
ZSG_FI_GL.SMANCOMM.RPT,ZSG_FI_GL.SMANCOMM.RPT,ZSG_FI_GL.SMANCOMM.RPT
ZSG_MM_CT.DSP_XXX,ZSG_MM_CT.DSP_XXX,ZSG_MM_CT.DSP_XXX
ZSG_MM_MM.DSP_GSCM_XXX,ZSG_MM_MM.DSP_GSCM_XXX,ZSG_MM_MM.DSP_GSCM_XXX
ZSG_MM_PO.COND_DSP_GSCM_XXX,ZSG_MM_PO.COND_DSP_GSCM_XXX,ZSG_MM_PO.COND_DSP_GSCM_XXX
ZSG_MM_PO.DSP_GSCM_XXX,ZSG_MM_PO.DSP_GSCM_XXX,ZSG_MM_PO.DSP_GSCM_XXX
ZSG_MM_PO.GRITAB_XXX,ZSG_MM_PO.GRITAB_XXX,ZSG_MM_PO.GRITAB_XXX
ZSG_MM_PO.SP_DSP_GSCM_XXX,ZSG_MM_PO.SP_DSP_GSCM_XXX,ZSG_MM_PO.SP_DSP_GSCM_XXX
ZSG_SD_SO.DSPCL_XXX,ZSG_SD_SO.DSPCL_XXX,ZSG_SD_SO.DSPCL_XXX
Z_APP.SECURITY.ADM_ISS,Z_APP.SECURITY.ADM_ISS,Z_APP.SECURITY.ADM_ISS
Z_APP.SUPPORT.BASIS_ISS,Z_APP.SUPPORT.BASIS_ISS,Z_APP.SUPPORT.BASIS_ISS
Z_APP.SUPPORT.VIW_ISS,Z_APP.SUPPORT.VIW_ISS,Z_APP.SUPPORT.VIW_ISS
ZAL_BS_SC.DSP_1800,ZAL_BS_SC.DSP_1800,ZAL_BS_SC.DSP_1800
ZSG_FI_CF.PRO,ZSG_FI_CF.PRO,ZSG_FI_CF.PRO
ZSG_FI_GL.ADM,ZSG_FI_GL.ADM,ZSG_FI_GL.ADM
ZSG_MM_PO.APPLV1_232,ZSG_MM_PO.APPLV1_XXX,ZSG_MM_PO.APPLV1_872
ZSG_MM_PO.GRITAB_232,ZSG_MM_PO.GRITAB_XXX,ZSG_MM_PO.GRITAB_872
ZSG_MM_PO.GRI_232,ZSG_MM_PO.GRI_XXX,ZSG_MM_PO.GRI_872
ZSG_SD_LA.PRO_232,ZSG_SD_LA.PRO_XXX,ZSG_SD_LA.PRO_872
ZSG_SD_SO.APPSB_232,ZSG_SD_SO.APPSB_XXX,ZSG_SD_SO.APPSB_872
ZSG_MM_COND.UPL_202,ZSG_MM_COND.UPL_XXX,ZSG_MM_COND.UPL_851
ZSG_MM_MM.ECP_202,ZSG_MM_MM.ECP_XXX,ZSG_MM_MM.ECP_851
ZSG_MM_PO.SDSP_202,ZSG_MM_PO.SDSP_202,ZSG_MM_PO.SDSP_851
ZSG_SD_COND.UPL_202ZPRB,ZSG_SD_COND.UPL_XXX,ZSG_SD_COND.UPL_851ZPRB
ZSG_MM_MM.ECP_218,ZSG_MM_MM.ECP_XXX,ZSG_MM_MM.ECP_833
ZSG_MM_MM.ECP_219,ZSG_MM_MM.ECP_XXX,ZSG_MM_MM.ECP_835
ZSG_MM_MM.ECP_220,ZSG_MM_MM.ECP_XXX,ZSG_MM_MM.ECP_833
ZSG_MM_MM.ECP_221,ZSG_MM_MM.ECP_XXX,ZSG_MM_MM.ECP_833
ZSG_MM_MM.ECP_222,ZSG_MM_MM.ECP_XXX,ZSG_MM_MM.ECP_836
ZSG_MM_MM.ECP_223,ZSG_MM_MM.ECP_XXX,ZSG_MM_MM.ECP_833
ZSG_MM_MM.ECP_224,ZSG_MM_MM.ECP_XXX,ZSG_MM_MM.ECP_837
ZSG_SD_LC.PRO_218,ZSG_SD_LC.PRO_XXX,ZSG_SD_LC.PRO_833
ZSG_SD_LC.PRO_219,ZSG_SD_LC.PRO_XXX,ZSG_SD_LC.PRO_835
ZSG_SD_LC.PRO_220,ZSG_SD_LC.PRO_XXX,ZSG_SD_LC.PRO_833
ZSG_SD_LC.PRO_221,ZSG_SD_LC.PRO_XXX,ZSG_SD_LC.PRO_833
ZSG_SD_LC.PRO_222,ZSG_SD_LC.PRO_XXX,ZSG_SD_LC.PRO_836
ZSG_SD_LC.PRO_223,ZSG_SD_LC.PRO_XXX,ZSG_SD_LC.PRO_833
ZSG_SD_LC.PRO_224,ZSG_SD_LC.PRO_XXX,ZSG_SD_LC.PRO_837
ZSG_FI_GL.SDSP_202,ZSG_FI_GL.SDSP_XXX,ZSG_FI_GL.SDSP_851
ZSG_MM_PO.APPLV2_203,ZSG_MM_PO.APPLV2_XXX,ZSG_MM_PO.APPLV2_861
ZSG_MM_PO.APPLV2_208,ZSG_MM_PO.APPLV2_XXX,ZSG_MM_PO.APPLV2_812
ZSG_MM_PO.APPLV2_209,ZSG_MM_PO.APPLV2_XXX,ZSG_MM_PO.APPLV2_813
ZSG_MM_PO.APPLV2_210,ZSG_MM_PO.APPLV2_XXX,ZSG_MM_PO.APPLV2_815
ZSG_MM_PO.APPLV2_213,ZSG_MM_PO.APPLV2_XXX,ZSG_MM_PO.APPLV2_872
ZSG_MM_PO.APPLV2_214,ZSG_MM_PO.APPLV2_XXX,ZSG_MM_PO.APPLV2_872
ZSG_MM_PO.APPLV2_215,ZSG_MM_PO.APPLV2_XXX,ZSG_MM_PO.APPLV2_815
ZSG_MM_PO.APPLV2_229,ZSG_MM_PO.APPLV2_XXX,ZSG_MM_PO.APPLV2_872
ZSG_MM_PO.APPLV2_232,ZSG_MM_PO.APPLV2_XXX,ZSG_MM_PO.APPLV2_872
ZSG_SD_SO.APPSB_XXX,ZSG_SD_SO.APPSB_XXX,ZSG_SD_SO.APPSB_XXX
ZSG_MM_MM.PRO_202,ZSG_MM_MM.PRO_XXX,ZSG_MM_MM.PRO_851
ZSG_SD_COND.ADM_202,ZSG_SD_COND.ADM_XXX,ZSG_SD_COND.ADM_851
ZSG_SD_LA.PRO_202,ZSG_SD_LA.PRO_XXX,ZSG_SD_LA.PRO_851
ZSG_SD_LA.PRO_203,ZSG_SD_LA.PRO_XXX,ZSG_SD_LA.PRO_861
ZSG_SD_LA.PRO_205,ZSG_SD_LA.PRO_XXX,ZSG_SD_LA.PRO_872
ZSG_SD_LA.PRO_206,ZSG_SD_LA.PRO_XXX,ZSG_SD_LA.PRO_872
ZSG_SD_LA.PRO_208,ZSG_SD_LA.PRO_XXX,ZSG_SD_LA.PRO_812
ZSG_SD_LA.PRO_209,ZSG_SD_LA.PRO_XXX,ZSG_SD_LA.PRO_813
ZSG_SD_LA.PRO_210,ZSG_SD_LA.PRO_XXX,ZSG_SD_LA.PRO_815
ZSG_SD_LA.PRO_213,ZSG_SD_LA.PRO_XXX,ZSG_SD_LA.PRO_872
ZSG_SD_LA.PRO_214,ZSG_SD_LA.PRO_XXX,ZSG_SD_LA.PRO_872
ZSG_SD_LA.PRO_215,ZSG_SD_LA.PRO_XXX,ZSG_SD_LA.PRO_815
ZSG_SD_LA.PRO_218,ZSG_SD_LA.PRO_XXX,ZSG_SD_LA.PRO_833
ZSG_SD_LA.PRO_219,ZSG_SD_LA.PRO_XXX,ZSG_SD_LA.PRO_835
ZSG_SD_LA.PRO_220,ZSG_SD_LA.PRO_XXX,ZSG_SD_LA.PRO_833
ZSG_SD_LA.PRO_221,ZSG_SD_LA.PRO_XXX,ZSG_SD_LA.PRO_833
ZSG_SD_LA.PRO_222,ZSG_SD_LA.PRO_XXX,ZSG_SD_LA.PRO_836
ZSG_SD_LA.PRO_223,ZSG_SD_LA.PRO_XXX,ZSG_SD_LA.PRO_833
ZSG_SD_LA.PRO_224,ZSG_SD_LA.PRO_XXX,ZSG_SD_LA.PRO_837
ZSG_SD_LA.PRO_225,ZSG_SD_LA.PRO_XXX,ZSG_SD_LA.PRO_838
ZSG_SD_LA.PRO_226,ZSG_SD_LA.PRO_XXX,ZSG_SD_LA.PRO_611
ZSG_SD_LA.PRO_230,ZSG_SD_LA.PRO_XXX,ZSG_SD_LA.PRO_872
ZSG_FI_GL.SDSP_203,ZSG_FI_GL.SDSP_XXX,ZSG_FI_GL.SDSP_861
ZSG_MM_PO.APPLV1_203,ZSG_MM_PO.APPLV1_XXX,ZSG_MM_PO.APPLV1_861
ZSG_SD_SO.APPSB_203,ZSG_SD_SO.APPSB_XXX,ZSG_SD_SO.APPSB_861
Z_ROLE.ASSIGNMENT.ADM_ISS,Z_ROLE.ASSIGNMENT.ADM_ISS,Z_ROLE.ASSIGNMENT.ADM_ISS
ZSG_MM_COND.UPL_222,ZSG_MM_COND.UPL_XXX,ZSG_MM_COND.UPL_836
ZSG_MM_LO.CHG-DOC_XXX,ZSG_MM_LO.CHG-DOC_XXX,ZSG_MM_LO.CHG-DOC_XXX
ZSG_MM_MM.PRO_GSCM_218,ZSG_MM_MM.PRO_GSCM_XXX,ZSG_MM_MM.PRO_GSCM_833
ZSG_MM_MM.PRO_GSCM_219,ZSG_MM_MM.PRO_GSCM_XXX,ZSG_MM_MM.PRO_GSCM_835
ZSG_MM_MM.PRO_GSCM_220,ZSG_MM_MM.PRO_GSCM_XXX,ZSG_MM_MM.PRO_GSCM_833
ZSG_MM_MM.PRO_GSCM_221,ZSG_MM_MM.PRO_GSCM_XXX,ZSG_MM_MM.PRO_GSCM_833
ZSG_MM_MM.PRO_GSCM_222,ZSG_MM_MM.PRO_GSCM_XXX,ZSG_MM_MM.PRO_GSCM_836
ZSG_MM_MM.PRO_GSCM_MAP,ZSG_MM_MM.PRO_GSCM_MAP_XXX,ZSG_MM_MM.PRO_GSCM_MAP
ZSG_MM_PO.COND_GSCM,ZSG_MM_PO.COND_GSCM_XXX,ZSG_MM_PO.COND_GSCM
ZSG_MM_PO.PRO_GSCM,ZSG_MM_PO.PRO_GSCM_XXX,ZSG_MM_PO.PRO_GSCM
ZSG_MM_PO.SP_GSCM_218,ZSG_MM_PO.SP_GSCM_XXX,ZSG_MM_PO.SP_GSCM_833
ZSG_MM_PO.SP_GSCM_219,ZSG_MM_PO.SP_GSCM_XXX,ZSG_MM_PO.SP_GSCM_835
ZSG_MM_PO.SP_GSCM_220,ZSG_MM_PO.SP_GSCM_XXX,ZSG_MM_PO.SP_GSCM_833
ZSG_MM_PO.SP_GSCM_221,ZSG_MM_PO.SP_GSCM_XXX,ZSG_MM_PO.SP_GSCM_833
ZSG_MM_PO.SP_GSCM_222,ZSG_MM_PO.SP_GSCM_XXX,ZSG_MM_PO.SP_GSCM_836
ZSG_MM_TO.PRO_218,ZSG_MM_TO.PRO_XXX,ZSG_MM_TO.PRO_833
ZSG_MM_TO.PRO_219,ZSG_MM_TO.PRO_XXX,ZSG_MM_TO.PRO_835
ZSG_MM_TO.PRO_220,ZSG_MM_TO.PRO_XXX,ZSG_MM_TO.PRO_833
ZSG_MM_TO.PRO_221,ZSG_MM_TO.PRO_XXX,ZSG_MM_TO.PRO_833
ZSG_MM_TO.PRO_222,ZSG_MM_TO.PRO_XXX,ZSG_MM_TO.PRO_836
ZSG_MM_TO.PRO_223,ZSG_MM_TO.PRO_XXX,ZSG_MM_TO.PRO_833
ZSG_MM_TO.PRO_225,ZSG_MM_TO.PRO_XXX,ZSG_MM_TO.PRO_838
ZSG_SD_SO.APPCL_218,ZSG_SD_SO.APPCL_XXX,ZSG_SD_SO.APPCL_833
ZSG_SD_SO.APPCL_219,ZSG_SD_SO.APPCL_XXX,ZSG_SD_SO.APPCL_835
ZSG_SD_SO.APPCL_220,ZSG_SD_SO.APPCL_XXX,ZSG_SD_SO.APPCL_833
ZSG_SD_SO.APPCL_221,ZSG_SD_SO.APPCL_XXX,ZSG_SD_SO.APPCL_833
ZSG_SD_SO.APPCL_222,ZSG_SD_SO.APPCL_XXX,ZSG_SD_SO.APPCL_836
ZSG_SD_SO.APPCL_223,ZSG_SD_SO.APPCL_XXX,ZSG_SD_SO.APPCL_833
ZSG_SD_SO.APPCL_224,ZSG_SD_SO.APPCL_XXX,ZSG_SD_SO.APPCL_837
ZSG_SD_SO.APPCL_225,ZSG_SD_SO.APPCL_XXX,ZSG_SD_SO.APPCL_838
ZSG_MM_TO.PRO_208,ZSG_MM_TO.PRO_XXX,ZSG_MM_TO.PRO_812
ZSG_MM_TO.PRO_210,ZSG_MM_TO.PRO_XXX,ZSG_MM_TO.PRO_815
ZSG_MM_TO.PRO_215,ZSG_MM_TO.PRO_XXX,ZSG_MM_TO.PRO_815
ZSG_SD_LC.PRO_208,ZSG_SD_LC.PRO_XXX,ZSG_SD_LC.PRO_812
ZSG_SD_LC.PRO_209,ZSG_SD_LC.PRO_XXX,ZSG_SD_LC.PRO_813
ZSG_SD_LC.PRO_210,ZSG_SD_LC.PRO_XXX,ZSG_SD_LC.PRO_815
ZSG_SD_LC.PRO_215,ZSG_SD_LC.PRO_XXX,ZSG_SD_LC.PRO_815
ZSG_SD_SO.APPSB_208,ZSG_SD_SO.APPSB_XXX,ZSG_SD_SO.APPSB_812
ZSG_SD_SO.APPSB_209,ZSG_SD_SO.APPSB_XXX,ZSG_SD_SO.APPSB_813
ZSG_SD_SO.APPSB_210,ZSG_SD_SO.APPSB_XXX,ZSG_SD_SO.APPSB_815
ZSG_SD_SO.APPSB_215,ZSG_SD_SO.APPSB_XXX,ZSG_SD_SO.APPSB_815
ZSG_BS_UT.DSP_229,ZSG_BS_UT.DSP_XXX,ZSG_BS_UT.DSP_872
ZSG_FI_GL.SDSP_229,ZSG_FI_GL.SDSP_XXX,ZSG_FI_GL.SDSP_872
ZSG_MM_LO.PRO-GI.CANCEL_213,ZSG_MM_LO.PRO-GI.CANCEL_XXX,ZSG_MM_LO.PRO-GI.CANCEL_872
ZSG_MM_LO.PRO-GI.CANCEL_214,ZSG_MM_LO.PRO-GI.CANCEL_XXX,ZSG_MM_LO.PRO-GI.CANCEL_872
ZSG_MM_LO.PRO-TRSMTM_213,ZSG_MM_LO.PRO-TRSMTM_XXX,ZSG_MM_LO.PRO-TRSMTM_872
ZSG_MM_LO.PRO-TRSMTM_214,ZSG_MM_LO.PRO-TRSMTM_XXX,ZSG_MM_LO.PRO-TRSMTM_872
ZSG_MM_LO.PRO-TRSSP_213,ZSG_MM_LO.PRO-TRSSP_XXX,ZSG_MM_LO.PRO-TRSSP_872
ZSG_MM_LO.PRO-TRSSP_214,ZSG_MM_LO.PRO-TRSSP_XXX,ZSG_MM_LO.PRO-TRSSP_872
ZSG_MM_LO.PRO-TRS_213,ZSG_MM_LO.PRO-TRS_XXX,ZSG_MM_LO.PRO-TRS_872
ZSG_MM_LO.PRO-TRS_213_FA,ZSG_MM_LO.PRO-TRS_XXX,ZSG_MM_LO.PRO-TRS_872_FA
ZSG_MM_LO.PRO-TRS_213_LE,ZSG_MM_LO.PRO-TRS_XXX,ZSG_MM_LO.PRO-TRS_872_LE
ZSG_MM_LO.PRO-TRS_214,ZSG_MM_LO.PRO-TRS_XXX,ZSG_MM_LO.PRO-TRS_872
ZSG_MM_LO.PRO-TRS_214_FA,ZSG_MM_LO.PRO-TRS_XXX,ZSG_MM_LO.PRO-TRS_872_FA
ZSG_MM_LO.PRO-TRS_214_LE,ZSG_MM_LO.PRO-TRS_XXX,ZSG_MM_LO.PRO-TRS_872_LE
ZSG_MM_MM.ECP_229,ZSG_MM_MM.ECP_XXX,ZSG_MM_MM.ECP_872
ZSG_MM_MM.ECP_230,ZSG_MM_MM.ECP_XXX,ZSG_MM_MM.ECP_872
ZSG_MM_MM.PRO_213,ZSG_MM_MM.PRO_XXX,ZSG_MM_MM.PRO_872
ZSG_MM_MM.PRO_214,ZSG_MM_MM.PRO_XXX,ZSG_MM_MM.PRO_872
ZSG_MM_PO.APPLV1_229,ZSG_MM_PO.APPLV1_XXX,ZSG_MM_PO.APPLV1_872
ZSG_MM_TO.PRO_213,ZSG_MM_TO.PRO_XXX,ZSG_MM_TO.PRO_872
ZSG_MM_TO.PRO_214,ZSG_MM_TO.PRO_XXX,ZSG_MM_TO.PRO_872
ZSG_SD_BL.REQCNC_213,ZSG_SD_BL.REQCNC_XXX,ZSG_SD_BL.REQCNC_872
ZSG_SD_BL.REQCNC_214,ZSG_SD_BL.REQCNC_XXX,ZSG_SD_BL.REQCNC_872
ZSG_SD_CMIR.DSP_213,ZSG_SD_CMIR.DSP_XXX,ZSG_SD_CMIR.DSP_872
ZSG_SD_CMIR.DSP_214,ZSG_SD_CMIR.DSP_XXX,ZSG_SD_CMIR.DSP_872
ZSG_SD_CMIR.DSP_229,ZSG_SD_CMIR.DSP_XXX,ZSG_SD_CMIR.DSP_872
ZSG_SD_COND.ADM_213,ZSG_SD_COND.ADM_XXX,ZSG_SD_COND.ADM_872
ZSG_SD_COND.ADM_214,ZSG_SD_COND.ADM_XXX,ZSG_SD_COND.ADM_872
ZSG_SD_COND.ADM_229,ZSG_SD_COND.ADM_XXX,ZSG_SD_COND.ADM_872
ZSG_SD_COND.DSP_213,ZSG_SD_COND.DSP_XXX,ZSG_SD_COND.DSP_872
ZSG_SD_COND.DSP_214,ZSG_SD_COND.DSP_XXX,ZSG_SD_COND.DSP_872
ZSG_SD_COND.DSP_229,ZSG_SD_COND.DSP_XXX,ZSG_SD_COND.DSP_872
ZSG_SD_LC.PRO_213,ZSG_SD_LC.PRO_XXX,ZSG_SD_LC.PRO_872
ZSG_SD_LC.PRO_214,ZSG_SD_LC.PRO_XXX,ZSG_SD_LC.PRO_872
ZSG_SD_LC.PRO_229,ZSG_SD_LC.PRO_XXX,ZSG_SD_LC.PRO_872
ZSG_SD_LC.PRO_230,ZSG_SD_LC.PRO_XXX,ZSG_SD_LC.PRO_872
ZSG_SD_SO.APPSB_229,ZSG_SD_SO.APPSB_XXX,ZSG_SD_SO.APPSB_872
ZSG_MM_LO.PRO-TRSMTM_208,ZSG_MM_LO.PRO-TRSMTM_XXX,ZSG_MM_LO.PRO-TRSMTM_812
ZSG_MM_LO.PRO-TRSMTM_209,ZSG_MM_LO.PRO-TRSMTM_XXX,ZSG_MM_LO.PRO-TRSMTM_813
ZSG_MM_LO.PRO-TRSMTM_210,ZSG_MM_LO.PRO-TRSMTM_XXX,ZSG_MM_LO.PRO-TRSMTM_815
ZSG_MM_LO.PRO-TRSMTM_215,ZSG_MM_LO.PRO-TRSMTM_XXX,ZSG_MM_LO.PRO-TRSMTM_815
ZSG_MM_LO.PRO-TRSSP_208,ZSG_MM_LO.PRO-TRSSP_XXX,ZSG_MM_LO.PRO-TRSSP_812
ZSG_MM_LO.PRO-TRSSP_209,ZSG_MM_LO.PRO-TRSSP_XXX,ZSG_MM_LO.PRO-TRSSP_813
ZSG_MM_LO.PRO-TRSSP_210,ZSG_MM_LO.PRO-TRSSP_XXX,ZSG_MM_LO.PRO-TRSSP_815
ZSG_MM_LO.PRO-TRSSP_215,ZSG_MM_LO.PRO-TRSSP_XXX,ZSG_MM_LO.PRO-TRSSP_815
ZSG_MM_LO.PRO-TRS_208_FA,ZSG_MM_LO.PRO-TRS_XXX,ZSG_MM_LO.PRO-TRS_812_FA
ZSG_MM_LO.PRO-TRS_208_PV,ZSG_MM_LO.PRO-TRS_XXX,ZSG_MM_LO.PRO-TRS_812_PV
ZSG_MM_LO.PRO-TRS_209_FA,ZSG_MM_LO.PRO-TRS_XXX,ZSG_MM_LO.PRO-TRS_813_FA
ZSG_MM_LO.PRO-TRS_209_PV,ZSG_MM_LO.PRO-TRS_XXX,ZSG_MM_LO.PRO-TRS_813_PV
ZSG_MM_LO.PRO-TRS_210_FA,ZSG_MM_LO.PRO-TRS_XXX,ZSG_MM_LO.PRO-TRS_815_FA
ZSG_MM_LO.PRO-TRS_210_PV,ZSG_MM_LO.PRO-TRS_XXX,ZSG_MM_LO.PRO-TRS_815_PV
ZSG_MM_MM.ECP_208,ZSG_MM_MM.ECP_XXX,ZSG_MM_MM.ECP_812
ZSG_MM_MM.ECP_209,ZSG_MM_MM.ECP_XXX,ZSG_MM_MM.ECP_813
ZSG_MM_MM.ECP_210,ZSG_MM_MM.ECP_XXX,ZSG_MM_MM.ECP_815
ZSG_CO_OM.IOADM_XXX,ZSG_CO_OM.IOADM_XXX,ZSG_CO_OM.IOADM_XXX
ZSG_FI_AP.VENCFM,ZSG_FI_AP.VENCFM,ZSG_FI_AP.VENCFM
ZSG_FI_GLCLS.PRO,ZSG_FI_GLCLS.PRO,ZSG_FI_GLCLS.PRO
ZSG_MM_PO.APPLV1_208,ZSG_MM_PO.APPLV1_XXX,ZSG_MM_PO.APPLV1_812
ZSG_MM_PO.APPLV1_209,ZSG_MM_PO.APPLV1_XXX,ZSG_MM_PO.APPLV1_813
ZSG_MM_PO.APPLV1_210,ZSG_MM_PO.APPLV1_XXX,ZSG_MM_PO.APPLV1_815
ZSG_MM_PO.APPLV1_214,ZSG_MM_PO.APPLV1_XXX,ZSG_MM_PO.APPLV1_872
ZSG_MM_PO.APPLV1_215,ZSG_MM_PO.APPLV1_XXX,ZSG_MM_PO.APPLV1_815
ZSG_SD_BL.REQCNC_104,ZSG_SD_BL.REQCNC_XXX,ZSG_SD_BL.REQCNC_615
ZSG_SD_COND.ADM_203,ZSG_SD_COND.ADM_XXX,ZSG_SD_COND.ADM_861
ZSG_MM_LA.PRO_208,ZSG_MM_LA.PRO_XXX,ZSG_MM_LA.PRO_812
ZSG_MM_LA.PRO_209,ZSG_MM_LA.PRO_XXX,ZSG_MM_LA.PRO_813
ZSG_MM_LA.PRO_210,ZSG_MM_LA.PRO_XXX,ZSG_MM_LA.PRO_815
ZSG_SD_CM.ADM,ZSG_SD_CM.ADM,ZSG_SD_CM.ADM
ZSG_SD_COND.ADM_208,ZSG_SD_COND.ADM_XXX,ZSG_SD_COND.ADM_812
ZSG_SD_COND.ADM_209,ZSG_SD_COND.ADM_XXX,ZSG_SD_COND.ADM_813
ZSG_SD_COND.ADM_210,ZSG_SD_COND.ADM_XXX,ZSG_SD_COND.ADM_815
ZSG_FI_AP.VENADM,ZSG_FI_AP.VENADM,ZSG_FI_AP.VENADM
ZSG_SD_SO.APPCL_ADMIN,ZSG_SD_SO.APPCL_XXX,ZSG_SD_SO.APPCL_ADMIN
ZSG_BS_UT.DSP_245,ZSG_BS_UT.DSP_XXX,ZSG_BS_UT.DSP_911
ZSG_MM_MM.PRO_245,ZSG_MM_MM.PRO_XXX,ZSG_MM_MM.PRO_911
ZSG_SD_BL.PRO_245,ZSG_SD_BL.PRO_XXX,ZSG_SD_BL.PRO_911
ZSG_SD_BL.REQCNC_245,ZSG_SD_BL.REQCNC_XXX,ZSG_SD_BL.REQCNC_911
ZSG_SD_SO.PRO_245,ZSG_SD_SO.PRO_XXX,ZSG_SD_SO.PRO_911
ZSG_MM_MM.ECP_203,ZSG_MM_MM.ECP_XXX,ZSG_MM_MM.ECP_861
ZSG_SD_LC.PRO_203,ZSG_SD_LC.PRO_XXX,ZSG_SD_LC.PRO_861
ZSG_SD_SO.APPSB_214,ZSG_SD_SO.APPSB_XXX,ZSG_SD_SO.APPSB_872
ZSG_BS_UT.DSP_213,ZSG_BS_UT.DSP_XXX,ZSG_BS_UT.DSP_872
ZSG_FI_GL.SDSP_213,ZSG_FI_GL.SDSP_XXX,ZSG_FI_GL.SDSP_872
ZSG_FI_GL.SDSP_214,ZSG_FI_GL.SDSP_XXX,ZSG_FI_GL.SDSP_872
ZSG_FI_GL.SDSP_232,ZSG_FI_GL.SDSP_XXX,ZSG_FI_GL.SDSP_872
ZSG_MM_LA.PRO_232,ZSG_MM_LA.PRO_XXX,ZSG_MM_LA.PRO_872
ZSG_MM_LO.PRO-TRSMTM_232,ZSG_MM_LO.PRO-TRSMTM_XXX,ZSG_MM_LO.PRO-TRSMTM_872
ZSG_MM_LO.PRO-TRSMTM_REV_232,ZSG_MM_LO.PRO-TRSMTM_REV_XXX,ZSG_MM_LO.PRO-TRSMTM_REV_872
ZSG_MM_LO.PRO-TRSSP_232,ZSG_MM_LO.PRO-TRSSP_XXX,ZSG_MM_LO.PRO-TRSSP_872
ZSG_MM_LO.PRO-TRS_232,ZSG_MM_LO.PRO-TRS_XXX,ZSG_MM_LO.PRO-TRS_872
ZSG_MM_MM.ECP_232,ZSG_MM_MM.ECP_XXX,ZSG_MM_MM.ECP_872
ZSG_MM_MM.GPSI_213,ZSG_MM_MM.GPSI_XXX,ZSG_MM_MM.GPSI_872
ZSG_MM_MM.GPSI_214,ZSG_MM_MM.GPSI_XXX,ZSG_MM_MM.GPSI_872
ZSG_SD_COND.ADM_232,ZSG_SD_COND.ADM_XXX,ZSG_SD_COND.ADM_872
ZSG_SD_COND.DSP_232,ZSG_SD_COND.DSP_XXX,ZSG_SD_COND.DSP_872
ZSG_MM_LO.PRO-TRV_XXX,ZSG_MM_LO.PRO-TRV_XXX,ZSG_MM_LO.PRO-TRV_XXX
ZSG_BS_UT.DSP_214,ZSG_BS_UT.DSP_XXX,ZSG_BS_UT.DSP_872
ZSG_MM_LO.PRO-GI.CANCEL_229,ZSG_MM_LO.PRO-GI.CANCEL_XXX,ZSG_MM_LO.PRO-GI.CANCEL_872
ZSG_MM_LO.PRO-GI_229,ZSG_MM_LO.PRO-GI_XXX,ZSG_MM_LO.PRO-GI_872
ZSG_MM_LO.PRO-GR_229,ZSG_MM_LO.PRO-GR_XXX,ZSG_MM_LO.PRO-GR_872
ZSG_MM_LO.PRO-TRS_229,ZSG_MM_LO.PRO-TRS_XXX,ZSG_MM_LO.PRO-TRS_872
ZSG_MM_MM.GPSI_232,ZSG_MM_MM.GPSI_XXX,ZSG_MM_MM.GPSI_872
ZSG_MM_MM.PRO_229,ZSG_MM_MM.PRO_XXX,ZSG_MM_MM.PRO_872
ZSG_MM_MM.PRO_230,ZSG_MM_MM.PRO_XXX,ZSG_MM_MM.PRO_872
ZSG_MM_MM.PRO_232,ZSG_MM_MM.PRO_XXX,ZSG_MM_MM.PRO_872
ZSG_MM_PI.ENTER_213,ZSG_MM_PI.ENTER_XXX,ZSG_MM_PI.ENTER_872
ZSG_MM_PI.ENTER_214,ZSG_MM_PI.ENTER_XXX,ZSG_MM_PI.ENTER_872
ZSG_MM_PI.ENTER_229,ZSG_MM_PI.ENTER_XXX,ZSG_MM_PI.ENTER_872
ZSG_MM_PI.ENTER_232,ZSG_MM_PI.ENTER_XXX,ZSG_MM_PI.ENTER_872
ZSG_MM_PO.PRO_213,ZSG_MM_PO.PRO_XXX,ZSG_MM_PO.PRO_872
ZSG_MM_PO.PRO_214,ZSG_MM_PO.PRO_XXX,ZSG_MM_PO.PRO_872
ZSG_MM_PO.PRO_229,ZSG_MM_PO.PRO_XXX,ZSG_MM_PO.PRO_872
ZSG_MM_PO.PRO_232,ZSG_MM_PO.PRO_XXX,ZSG_MM_PO.PRO_872
ZSG_MM_PR.PRO_232,ZSG_MM_PR.PRO_XXX,ZSG_MM_PR.PRO_872
ZSG_MM_TO.PRO_232,ZSG_MM_TO.PRO_XXX,ZSG_MM_TO.PRO_872
ZSG_SD_BL.PRO_213,ZSG_SD_BL.PRO_XXX,ZSG_SD_BL.PRO_872
ZSG_SD_BL.PRO_214,ZSG_SD_BL.PRO_XXX,ZSG_SD_BL.PRO_872
ZSG_SD_BL.PRO_229,ZSG_SD_BL.PRO_XXX,ZSG_SD_BL.PRO_872
ZSG_SD_BL.PRO_230,ZSG_SD_BL.PRO_XXX,ZSG_SD_BL.PRO_872
ZSG_SD_BL.PRO_232,ZSG_SD_BL.PRO_XXX,ZSG_SD_BL.PRO_872
ZSG_SD_BL.REQCNC_229,ZSG_SD_BL.REQCNC_XXX,ZSG_SD_BL.REQCNC_872
ZSG_SD_BL.REQCNC_230,ZSG_SD_BL.REQCNC_XXX,ZSG_SD_BL.REQCNC_872
ZSG_SD_BL.REQCNC_232,ZSG_SD_BL.REQCNC_XXX,ZSG_SD_BL.REQCNC_872
ZSG_SD_CMIR.ADM_213,ZSG_SD_CMIR.ADM_XXX,ZSG_SD_CMIR.ADM_872
ZSG_SD_CMIR.ADM_214,ZSG_SD_CMIR.ADM_XXX,ZSG_SD_CMIR.ADM_872
ZSG_SD_CMIR.ADM_229,ZSG_SD_CMIR.ADM_XXX,ZSG_SD_CMIR.ADM_872
ZSG_SD_CMIR.ADM_230,ZSG_SD_CMIR.ADM_XXX,ZSG_SD_CMIR.ADM_872
ZSG_SD_CMIR.ADM_232,ZSG_SD_CMIR.ADM_XXX,ZSG_SD_CMIR.ADM_872
ZSG_SD_CMIR.DSP_230,ZSG_SD_CMIR.DSP_XXX,ZSG_SD_CMIR.DSP_872
ZSG_SD_CMIR.DSP_232,ZSG_SD_CMIR.DSP_XXX,ZSG_SD_CMIR.DSP_872
ZSG_SD_DO.PRO_213,ZSG_SD_DO.PRO_XXX,ZSG_SD_DO.PRO_872
ZSG_SD_DO.PRO_214,ZSG_SD_DO.PRO_XXX,ZSG_SD_DO.PRO_872
ZSG_SD_DO.PRO_229,ZSG_SD_DO.PRO_XXX,ZSG_SD_DO.PRO_872
ZSG_SD_DO.PRO_232,ZSG_SD_DO.PRO_XXX,ZSG_SD_DO.PRO_872
ZSG_SD_LC.PRO_232,ZSG_SD_LC.PRO_XXX,ZSG_SD_LC.PRO_872
ZSG_SD_QT.PRO_213,ZSG_SD_QT.PRO_XXX,ZSG_SD_QT.PRO_872
ZSG_SD_QT.PRO_214,ZSG_SD_QT.PRO_XXX,ZSG_SD_QT.PRO_872
ZSG_SD_QT.PRO_232,ZSG_SD_QT.PRO_XXX,ZSG_SD_QT.PRO_872
ZSG_SD_SO.PRO_213,ZSG_SD_SO.PRO_XXX,ZSG_SD_SO.PRO_872
ZSG_SD_SO.PRO_214,ZSG_SD_SO.PRO_XXX,ZSG_SD_SO.PRO_872
ZSG_SD_SO.PRO_229,ZSG_SD_SO.PRO_XXX,ZSG_SD_SO.PRO_872
ZSG_SD_SO.PRO_230,ZSG_SD_SO.PRO_XXX,ZSG_SD_SO.PRO_872
ZSG_SD_SO.PRO_232,ZSG_SD_SO.PRO_XXX,ZSG_SD_SO.PRO_872
ZSG_AL_LO.PRO_YUSEN_208,ZSG_AL_LO.PRO_YUSEN_XXX,ZSG_AL_LO.PRO_YUSEN_812
ZSG_AL_LO.PRO_YUSEN_209,ZSG_AL_LO.PRO_YUSEN_XXX,ZSG_AL_LO.PRO_YUSEN_813
ZSG_AL_LO.PRO_YUSEN_210,ZSG_AL_LO.PRO_YUSEN_XXX,ZSG_AL_LO.PRO_YUSEN_815
ZSG_AL_LO.PRO_YUSEN_213,ZSG_AL_LO.PRO_YUSEN_XXX,ZSG_AL_LO.PRO_YUSEN_872
ZSG_AL_LO.PRO_YUSEN_214,ZSG_AL_LO.PRO_YUSEN_XXX,ZSG_AL_LO.PRO_YUSEN_872
ZSG_AL_LO.PRO_YUSEN_215,ZSG_AL_LO.PRO_YUSEN_XXX,ZSG_AL_LO.PRO_YUSEN_815
ZSG_AL_LO.PRO_YUSEN_218,ZSG_AL_LO.PRO_YUSEN_XXX,ZSG_AL_LO.PRO_YUSEN_833
ZSG_AL_LO.PRO_YUSEN_219,ZSG_AL_LO.PRO_YUSEN_XXX,ZSG_AL_LO.PRO_YUSEN_835
ZSG_AL_LO.PRO_YUSEN_220,ZSG_AL_LO.PRO_YUSEN_XXX,ZSG_AL_LO.PRO_YUSEN_833
ZSG_AL_LO.PRO_YUSEN_221,ZSG_AL_LO.PRO_YUSEN_XXX,ZSG_AL_LO.PRO_YUSEN_833
ZSG_AL_LO.PRO_YUSEN_223,ZSG_AL_LO.PRO_YUSEN_XXX,ZSG_AL_LO.PRO_YUSEN_833
ZSG_AL_LO.PRO_YUSEN_232,ZSG_AL_LO.PRO_YUSEN_XXX,ZSG_AL_LO.PRO_YUSEN_872
ZSG_MM_LO.PRO-GI_222,ZSG_MM_LO.PRO-GI_XXX,ZSG_MM_LO.PRO-GI_836
ZSG_MM_LO.PRO-GI_224,ZSG_MM_LO.PRO-GI_XXX,ZSG_MM_LO.PRO-GI_837
ZSG_MM_LO.PRO-GR_222,ZSG_MM_LO.PRO-GR_XXX,ZSG_MM_LO.PRO-GR_836
ZSG_MM_LO.PRO-GR_224,ZSG_MM_LO.PRO-GR_XXX,ZSG_MM_LO.PRO-GR_837
